Article;Count
RDN211000;1247
RDN211002;955
RDN110002;518
BXMT1002;449
RDN110000;398
BXNT6002;398
BZG787PLUS;340
TIXO1A0-00;320
TIXO1B0-00;304
BXNP13000-B0;300
GN21000S;261
VSIV;253
CFI12G60;248
VSIR;242
BXNE412002;236
RDN211W000;226
RDN211AL0;221
TIXO3B0-00;219
TIXO2B0-00;218
BZG789PLUS;197
GT45000S;196
TIXO3A0-00;189
TIXO2A0-00;183
GEXI07;178
BZG788PLUS;174
BZG760AC;171
BXNT1003-00-00;167
GN25000S;164
BZG787PPLUS;151
BXNP13003-B0;151
GH11010S;134
BXNT600E;131
BXNA1003-00-00;127
BPX1002-10-1A;125
BPX1002-10-10;122
GC52100S;118
BVNP13000-B0;118
BLUESET;117
BZG756AC;103
BRCPTFE6;102
BXNA1001-00-00;100
BXNE0200EE;99
REGR28;94
BPX0002-10-1A;93
S1-DE15-500501;92
TIXLINK1_USB;90
REGR28_1;89
CFI12N60;89
BXNE02000E;85
GB64000S;83
BZG761PLUS;82
BZG766AC;81
UITAN-1UN-1M1-UN000;79
RDN100000;78
BXNE34000E;77
RDN112002;74
TIA3A;73
BPX100E-10-1A;73
REGR28_3;72
BXNT1000-00-00;70
BZG710PLUS;67
TIA2A;63
BZC13_100_1_179;62
BXLT1002;62
EMT300X;59
CT-01A;58
BXNE3400EE;57
BPX1B02-10-1A;57
BZG728PLUS;56
BZG2715PLUS;56
RDN210000;52
GM60A200X;52
BZG2728PLUS;52
BZC24_100_2A_340;52
GH11020S;51
ACCDIVUI-001;51
RDN211B00;50
RDN210002;50
CFI12G80;50
BZG764PLUS;50
BXNE01000E;49
ACCDIVUI-003;49
BXNE41200E;46
BXNE010002;46
BPX100E-11-1A;46
BXNTI6002;45
ACCDIVUI-002;45
VSIJ;43
UITAN-1UN-1M1-UC001;43
BZC688;42
TIA1A;41
GSI40_UN_S;40
BZG764AC;40
BXNE0100E2;40
RDN211B02;39
BVLT0002;39
BXMTI2002;38
UITAN-1UN-1M2-UN000;37
S5LFNA03ABB060AD20BF;37
BXNE050002;37
BPX000E-10-1A;37
BPX000E-10-10;37
UITAX-1UN-1M1-UN000;36
RDN210V003;36
GS75000S;36
GM60A150X;36
BZC03_50_1_A;36
BXMT1B02;36
RDN102002;35
BXNE05000E;35
RDN211WB00;34
ACCDIVSSC001;34
RDN211001;32
BZG787PLUS-40MA;32
BPX0000-00-01_USB;32
TIA2B;31
BZG796PLUS;31
BXNE340002;31
BETI2003;31
BA427E;31
TIA3B;30
REGTX01;30
REGR28_5;30
S1LFNA03ABB060AD30AE;29
RDN100002;29
BZG755AC;29
BXNE3400E2;29
RDN211007;28
RDN112000;28
GEXI04;28
BXNA1000-00-00;28
BPX100E-10-10;28
TIA2D;27
S1VFZZ15AZB1800500AZ;27
GSI40_UN;27
UITAX-1UN-1M2-UN000;26
S5-DE20241932;26
REGTX03;26
GN21000B;26
BZG801;26
BXNE0500E2;26
BXNE0200E2;26
S1DFNA03AXXE-041;25
RDN210VB08;25
GZU1201;25
GEXI07_S;25
ETUDEDEBOUCLESI;25
BXNT6B02;25
TIXLINK4;24
S5LFNA03ABB0601000BF;24
S1VFNA03ABBZ300400AE;24
EMT100X;24
DDG-CPN046261;24
BXNE3720E2;24
BXNE372002;24
BXNE0520E2;24
BXNAI2003;24
GT60H050X;23
BZG767PLUS;23
BXNE052002;23
BED211002;23
BASI2361000;23
RDN211WB03;22
RDN112AL2;22
CFI14G60;22
S1VFNA03ABB160AD20AE;21
REGTX02;21
REGBPX00;21
GM60A100X;21
BXNP02000-05;21
BXNI2A400;21
ACCDIV-DE17-700524-2;21
SPT-87E;20
S1DFNA03AHB1600701AE;20
GM60A080X;20
BXMT100E;20
ACCDIVTX01;20
ACCDIVKIT-08;20
GZU1402;19
GT50H100X;19
GC-DE17-700542;19
BZANZ3510;19
BXNA1B03-00-00;19
BVNT0002;19
BVLT000E;19
S5VFNA03ABB260AD20BF;18
CT-03A;18
CRN600000;18
BZE805;18
BZE804;18
BXNE0500EE;18
BXLT100E;18
TIXLINK1;17
S1-DE20-21009801-B;17
MZA1300;17
GT60H150X;17
GC-2000075550;17
DDG-CPN106502;17
BXNE370C0E;17
BVMT0002;17
ACCDIVSSC006;17
RDN210VB03;16
MZC1400;16
GC-2000074597;16
DDG-CPN036490;16
BXNP02003-05;16
BXNE0100EE;16
TIA1B;15
SL-DE20-200400;15
S5VFNA03ALB2000000AF;15
S5LFNA03ALB0604000BF;15
S5LFNA03ABB0603000BF;15
RDN211AL1;15
GZU1410;15
GM60A250X;15
GM60A050X;15
GEXI27;15
DOCUMENTATION-06;15
DE19-900754;15
CFI12N80;15
BZC313;15
BXNRV1003-00;15
RDN210W003;14
GN25000B;14
BXNT1003-00-09;14
BXNE370CEE;14
BXNE0520EE;14
BA304NE-BL;14
TWS11B90100;13
S5LFNA03ABB0601600BF;13
S1VINA03AXXE-028;13
S1LFNA03ABB060AD10AE;13
RDN211W010;13
RDN211AL2;13
GZU1431;13
GT45000B;13
GM50A150X;13
BZC24_50_22_A1;13
BXNR02003-00;13
BXNE61200E;13
BVNP02000-05;13
BPX0000-00-01;13
ACCDIVKIT-11;13
50LFTS03ALB01008013;13
S1VFDEK11RIS604100ZB;12
S1-DE20-200220;12
S1-DE14-40538;12
REGR28/3;12
RDN110001;12
GM60A180X;12
BZG761DPLUS;12
BZC24_50_22_A2;12
BZATZ3510;12
BXNTI6B0E;12
BXNTI2000;12
BXNT1B03-00-00;12
BXNR45003-00;12
BXNE3600E2;12
SDN1U10;11
S5LFNA03ABB080ZZZ0BF;11
S5-DE19-900163;11
S1VFNA03ABB160AD30AS;11
S1LFNA03BBB0600700AS;11
S1LFNA03ABB060AD20AE;11
RDNBOX;11
RDN211W003;11
LV01003-00-00;11
GT50H150X;11
GM60S400X;11
GM60A120X;11
GM60A060X;11
BZG2728LPLUS;11
BZC2_150_2_62;11
BXNR03003-00;11
BXNE3100E2;11
BED112002;11
BA390R;11
S1VFNA03ABB160AD10AE;10
S1LFNA03ABB0602500AE;10
S1-DE14-40462-3;10
REGR28_2;10
GB64000B;10
CT-02A;10
BZG787PPLUS-40MA;10
BZE785AC;10
BZC668;10
BXNE620002;10
BXNE3420E2;10
BXNE05200E;10
BXLTI2002;10
BPX1B0E-10-1A;10
BPX000E-10-2D;10
BET1003-00-00;10
ACCDIVSONDE001;10
S4LFXE03AXXE-316;9
S4LFXE03ABB080AD50CE;9
S1VFHM15ALB1801000AF;9
S1LFNA03AXXE-168;9
GM50A200X;9
GM50A100X;9
GC-2000074596;9
CFI14N60;9
BZG906AC;9
BZG787LPPLUS;9
BXNR03000-00;9
BXNE410002;9
BXNAI2000;9
BER07003-00;9
BED410002;9
BA390G;9
UITAX-1UN-1M1-UC001;8
TIA3D;8
S1VFNA03AXXE-183;8
S1VFNA03ABB260AD20AE;8
S1VFBU03ALBZ141500AB;8
S1LFNA03ALB0602500AE;8
S1LFNA03ABB0601000AE;8
S1-DE14-40698;8
S1-DE14-40462-5;8
RDN210V008;8
GT50H200X;8
GM60A040X;8
EMT200;8
CR-01A;8
CFI34N21;8
CFI12G90;8
BZG788LPLUS;8
BZG764DAC;8
BZC673;8
BZC15_100_2A_123;8
BXNR02000-00;8
BXNE652002;8
BXNE3720EE;8
BXNE31000E;8
BXMTI200E;8
BVNP13003-B0;8
BPX0002-11-1A;8
BPX0002-10-10;8
BPX0000-00-03;8
BA390A;8
BA326C;8
ACCDIVKIT-02;8
S5VFNA03ABB160AD10BF;7
S4VFXE03ABB1602000DE;7
S1VFNA03ABBS45AD10MK;7
S1VFNA03ABB1600500AE;7
S1LFNA03ALB0603500AE;7
S1LFNA03ABB0603500AE;7
S1-DE17-700937-1;7
S1-DE16-600452-1;7
S1-DE15-50136-1;7
S0LFNA03ABB0ZZ05000A;7
RDN211AM2;7
GSI48_DC_R;7
GEXI24;7
GC-2000074583;7
BZG729PPLUS;7
BZC12_100_1_78;7
BXNT1003-13-00;7
BXNE360002;7
BXNE0120E2;7
BVNS0003-00-00;7
BVNA0000-00-00;7
BA599;7
BA386R;7
ARF100;7
SPP01042;6
S5VINA03ABBS601400BT;6
S5VIKNK11RI160AD10BB;6
S5VFNA03ABB160AD20BF;6
S5LFNA03ABB0605350BB;6
S4VFXE03ABB1601500CB;6
S1VFSE03AHB1600350AB;6
S1VFSE03ABBZ141500AK;6
S1VFBV06ALBZ141500AB;6
S1MINA03ABBZ60AD4ZAS;6
S1LINAK11RZ0ZZZZZ0AS;6
S1LFNA03ABB0603000AE;6
S1LFNA03ABB0602500AS;6
S1LFNA03ABB0602000AE;6
S1LFNA03ABB0601500AE;6
S1LFBE03ABB0602100AE;6
RDN211AM0;6
RDN2110V2;6
RDN210001;6
GZU1420;6
GZU1411;6
GT60H200X;6
GSI07;6
GMI0J010X;6
GM60Z100X;6
GM60S300X;6
GM60A130X;6
GEXI08;6
GC52500S;6
GC-2000074594;6
BZG715PLUS;6
BZE759AC;6
BZC669;6
BZC24_50_1_A1;6
BZC15_100_2A_317;6
BXNTI600E;6
BXNT1003-13-09;6
BXNR75000-00;6
BXNR41000-00;6
BXNP14003-05;6
BXNE651002;6
BXNE50000E;6
BXNE3100EE;6
BXNA1000-13-00;6
BXMTI2B02;6
BVNT000E;6
BVNS0000-00-00;6
BVNRV1003-00;6
BPX001E-10-10;6
BPX000E-10-0E;6
BA374G-ALM;6
BA354E;6
BA324NE-BL;6
ACCDIVGT50;6
ACCDIV-DE17-700524-1;6
ACCDIV-DE17-700382-4;6
50LFTS03ALB01508013;6
VE_CALCULSTRESS;5
SZDFBE03ABBZ141601AB;5
S5VFNA03ABB160AD30BF;5
S5LFNA04ABB0902400BB;5
S5LFNA03ABB0602500BF;5
S5LFME03AHB0303000ZB;5
S5-85LCTT2M;5
S4UIXW04ABBZ80AD3BDS;5
S4LFXE03AXXK-155;5
S1VFNA06ABB1603500AB;5
S1VFNA03ABBZ300400A0;5
S1VFNA03ABB160AD20AS;5
S1VFBE03AHB1603000AB;5
S1LFSE03ABB0603000AB;5
S1LFNA03ABB0606000AE;5
S1LFMA03ABB060AD10AB;5
S1KFNA03ABB2602500AE;5
S1DFNA03ABB760AD11AE;5
S1CFNA03ALB060050BAE;5
S1CFNA03ABB3600501AB;5
S1CFBV06ALB2601001ME;5
S1-DE20241758;5
S1-DE19-900683;5
S1-DE16-600573;5
S1-DE14-40222;5
S0LFNAK11SR0ZZ10000A;5
RDN211B01;5
RDN110B02;5
RDN110AL2;5
RDN110007;5
PRESTA-BB-PS;5
LV3S01003-00;5
LV01000-00-00;5
GTE0Z250X;5
GT60H180X;5
GT60H100X;5
GSI-BR323AL-M;5
GM90A200X;5
GM60C150X;5
GM60AZZZX;5
GM60A300X;5
GM60A140X;5
GM60A125X;5
GM50A090X;5
GC-2000074593;5
GC-2000074584;5
CRN300000;5
CR-03A;5
CFI8M30;5
CFI18G60;5
CFI12G10;5
BZC24_50_22_A3;5
BZC03A700;5
BZC01A00;5
BXNT6B0E;5
BXNP16B00-B0;5
BXNP01003-00;5
BXNI1A4B0;5
BXNE61000E;5
BXNE3710E2;5
BXNE3700E2;5
BXNE37000E;5
BXNE081B02;5
BPX1B02-11-1A;5
BER01003-00;5
BA507E-BL;5
BA386G;5
ACCDIVSSC005;5
ACCDIVKIT-19;5
ACCDIVKIT-17;5
ACCDIVBZG010;5
SEIW03AAB60050E;4
S5VFNA03ALBZ300400BF;4
S5VFNA03ABB260AD10BF;4
S5VFNA03ABB1802500BF;4
S5VFNA03ABB160AD40BF;4
S5VFNA03ABB1402500BB;4
S5LFNA03ABB060AD50BF;4
S5LFNA03ABB0605000BF;4
S5LFBE03ABB0ZZ1200BB;4
S5KFNA03ABB2601000BB;4
S5DFNA04ABB1600903BT;4
S4VIXE03ABB280AD10CB;4
S4VFXE03ALB2600800CB;4
S4VFXE03ALB1601000CE;4
S4VFXE03ALB1600800CE;4
S4UIXW04ABBZ80AD2BDS;4
S4LIXE06ABB0801300CB;4
S4LIXE03ABA0601000DE;4
S4LFZZ03ABB060AD3000;4
S4LFXE03ABB0802500CE;4
S4LFXE03ABB060AD10DE;4
S4LFXA03AXXB-086;4
S4CFXE03ABB0601000CB;4
S4-DE17-700104-2;4
S1VINA03ABBS60AD20AS;4
S1VINA03ABBS60AD10AS;4
S1VFNAK11RI160ZZZ0AK;4
S1VFNA03BBB260AD20AS;4
S1VFNA03AXXE-221;4
S1VFNA03ALB1601050AE;4
S1VFNA03AHB1601500AE;4
S1VFNA03ABB1802000AE;4
S1VFNA03ABB1601500AE;4
S1VFNA03ABB1600500AK;4
S1VFNA03ABB1600500AB;4
S1VFDE03ABB2802500AE;4
S1VFBE03AHB1805000AB;4
S1VFBE03AHB1601500AB;4
S1VFBE03AHB1601000AB;4
S1VFBE03ABB1602000AB;4
S1MINAK11RIZ60AD4ZAS;4
S1LFNA04AHB060AD30AB;4
S1LFNA03AXXE-285;4
S1LFNA03AXXB-169;4
S1LFNA03ALB0602000AE;4
S1LFNA03AHB0804000AS;4
S1LFNA03AHB0603000AS;4
S1LFNA03ABB060AD30AS;4
S1LFNA03ABB060AD30AB;4
S1LFNA03ABB0605000AS;4
S1LFNA03ABB0605000AE;4
S1LFNA03ABB0600700AE;4
S1LFNA03ABB0500800AB;4
S1LFBV06ALB0141500AB;4
S1DE20-200428-2;4
S1-DE20241915;4
S1-DE20-21009801-C;4
S1-DE19-900194;4
S1-DE17-700524-2;4
S1-DE17-700524-1;4
S1-DE16-600475-1;4
S1-DE16-600246-2;4
S1-DE15-50136-2;4
S1-DE15-500401;4
S0LFNA03ABB0ZZ10000A;4
RDN211BL0;4
RDN211B07;4
RDN210WB03;4
RDN210VB07;4
PVTX00;4
LW0B003-00-00;4
LV00000-00-00;4
HMG1-V2;4
GTE0Z400X;4
GT60Z250X;4
GT60Z145X;4
GT60K150X;4
GT60H130X;4
GT50Z300X;4
GT50Z010X;4
GT50H250X;4
GT50H130X;4
GT50H050X;4
GT20H100X;4
GT20H050X;4
GSI48_AC_S;4
GMI0A150X;4
GM90A180X;4
GM60A095X;4
GM50A175X;4
GM-DE18-800201;4
GEXI28;4
GEXI27_E;4
GEXI04_E;4
GC620040X;4
EMT200X;4
EMT100;4
EMD43;4
ECMAPT2000;4
CRN600002;4
CPXEXT00;4
CPX1022SH1;4
CFI38G60;4
CFI18G30;4
CFI12G15;4
CASI0061E000;4
BZG908DAC;4
BZG803;4
BZC7_63_12A_250;4
BZC674;4
BZC314;4
BZC21_63_2A_407;4
BZC13_100_11_179;4
BXNTI2003;4
BXNI1A300;4
BXNE73000E;4
BXNE37200E;4
BXNE34200E;4
BXNE340M0E;4
BXNE310002;4
BXNE060002;4
BXNE040002;4
BXNE020002;4
BVNI20000;4
BVMT000E;4
BPX1B0E-10-10;4
BPX1B02-10-10;4
BPX0B02-10-1A;4
BPX0002-10-2D;4
BER02003-00;4
BA490;4
BA304SG-BL;4
ACCDIVS015;4
ACCDIVKIT-21;4
ACCDIVKIT-18;4
VSIBN;3
VSIBL;3
TWV11B90080;3
SPTLINK1_USB;3
SPT-87U;3
SL-DE20-20202;3
SL-DE20-20201;3
S5VIKNK11RI160AD30BB;3
S5VIDE03ABB1901500BF;3
S5VIBV06ABBS60AD30BT;3
S5VFNA03ABBZ601550BF;3
S5VFNA03ABBZ601500BB;3
S5VFNA03ABBS60AD20BT;3
S5VFNA03ABB180AD20BB;3
S5VFDE03AHB1601500BB;3
S5VFBV06ABBS60AD40BT;3
S5VFBE06ABBS60AD20BB;3
S5VFBE06ABBS60AD10BB;3
S5MIBV06ABB160AD5BBF;3
S5LFME03BTB0455000ZB;3
S5KFNA03ABB2603500BB;3
S5DIBE03ABB1801001BF;3
S5-DE16-600270-2;3
S5-DE15-50062-3;3
S4VIXE03AHB1601150DE;3
S4VIXE03ABB280AD20CB;3
S4VFXEK11HB2021800DS;3
S4VFXEK11HB2021000DS;3
S4VFXE03AXXK-125;3
S4VFXE03ALB1601450CE;3
S4VFXE03ALB1600600CE;3
S4VFXE03ABB260AD20DE;3
S4VFXE03ABB1800500CE;3
S4VFXE03ABB160AD20CS;3
S4VFXE03ABB160AD20CE;3
S4VFXE03ABB1601500CE;3
S4LFXE04ABB060AD30CB;3
S4LFXE03AXXB-159;3
S4LFXE03ALB0600600CE;3
S4LFXE03ABB060ZZZ0CB;3
S4LFXE03ABB060AD10CE;3
S4LFXE03ABB0601300CE;3
S4DFXE03ABB1602502CE;3
S4AWAW03ALB0600500CE;3
S4-DE18-800135;3
S4-DE16-600388-2;3
S4-DE16-600388-1;3
S4-DE16-600272-1;3
S1VINA03ABBS602350AB;3
S1VFSE03ABBS60AD30AB;3
S1VFNA04ABBZ300400AB;3
S1VFNA03AXXE-089;3
S1VFNA03AHB5601500AE;3
S1VFNA03ABBS60AD30AB;3
S1VFNA03ABBS60AD20AE;3
S1VFNA03ABB260AD30AE;3
S1VFNA03ABB1801500AE;3
S1VFNA03ABB160AD30AB;3
S1VFNA03ABB1601000AE;3
S1VFDE04AHB160AD50AB;3
S1VFBU03ALBZ141500AE;3
S1VFBE06BBB1801750AB;3
S1VFBE06ABB1801750AB;3
S1VFBE06ABB1800750AB;3
S1VFBE03ABBS601500AE;3
S1MIDVK11RB280ZZZBAS;3
S1LINA03AXXE-291;3
S1LFNAK11RB0609500AK;3
S1LFNA06AXXB-146;3
S1LFNA04EBB0601000MB;3
S1LFNA04ABB060AD10AB;3
S1LFNA03ALB0604000AE;3
S1LFNA03ABB0803500AS;3
S1LFNA03ABB0802500AS;3
S1LFNA03ABB060AD40AE;3
S1LFNA03ABB0607500AE;3
S1LFNA03ABB0604500AS;3
S1LFNA03ABB0603100AE;3
S1LFNA03ABB0601000AB;3
S1LFBE03ALB060ZZZ0AB;3
S1LFBE03ABB0605000AB;3
S1KFNA03ABB2602500AB;3
S1DIBW03ABB1802001AE;3
S1AIWA03AZBA600500AE;3
S1-DE18-800083;3
S1-DE18-800080-3;3
S1-DE17-700709;3
S1-DE17-700524-3;3
S1-DE16-600753-4;3
S1-DE16-600447;3
S1-DE16-600360;3
S1-DE16-600246-1;3
S1-DE15-500527-6;3
S1-DE15-500527-3;3
S0LFNAK11SR0ZZZZZ0AB;3
RDN211VB03;3
RDN211V003;3
RDN211BL2;3
RDN210AM2;3
RDN110AM2;3
RDN110AL0;3
RDN110AA2;3
RDN100AA2;3
P162AH3;3
LW01000-00-00;3
LV0B003-00-00;3
LPX100E-11-1A;3
LPX1002-10-10;3
GZU1439;3
GZU1422;3
GTB2D300XB5A1;3
GTB0ZZZZIA6B1;3
GT60Z100X;3
GT60I150X;3
GT60I015Z;3
GT60H105X;3
GT55Z084X;3
GT20H150X;3
GT10K150X;3
GT-DE18-800218-17;3
GT-DE15-500711;3
GSI48_DC_S_R;3
GSI48_AC_R;3
GMZ0Z210X;3
GMZ0Z200X;3
GMZ0Z150X;3
GMI0A030X;3
GMF0A100X;3
GM90A080X;3
GM90A060X;3
GM90A050X;3
GM60Z045X;3
GM60S130X;3
GM60A500X;3
GM60A220X;3
GM60A090X;3
GM50Z080X;3
GM50A110X;3
GM-DE17-700720-1;3
GEXI28_S;3
GEXI27_E_S;3
GEXI04_E_B;3
GEXI04_D;3
GEXI04_B_S;3
GEXI03;3
GCZ0Z150X;3
GCT0Z150X;3
GC-DE18-800363-2;3
GC-2000084825;3
GC-2000076330;3
GC-2000074582;3
GC-2000074572;3
EX-DE19-900394-4;3
DG31000B;3
DE19-900451-2;3
DE19-900429-2;3
DE19-900305;3
DE19-900103-1;3
DDG-CPN055995;3
CRN200000;3
CP-DE19-900394-23;3
CFI34N60;3
CFI12G100;3
CFB12N60;3
CASI0231E000;3
C850AI03AB050A;3
BZG903DAC;3
BZG757DPLUS;3
BZG757AC;3
BZCH16B;3
BZC24_20_1_275;3
BZC15_100_2A_157;3
BZC10_100_1_75;3
BZC03A300;3
BXNT6002-EM;3
BXNT1003-00-A0;3
BXNT1001-00-00;3
BXNR45003-09;3
BXNR09003-00;3
BXNP13003-B0-EM;3
BXNI2A300;3
BXNI1A100;3
BXNE700002;3
BXNE690002;3
BXNE650002;3
BXNE62000E;3
BXNE412002-EM;3
BXNE41000E;3
BXNE3420EE;3
BXNE342002;3
BXNE3410EE;3
BXNE340B02;3
BXNE112002;3
BXNE090002;3
BXNE0700E2;3
BXNE051002;3
BXNE0400E2;3
BXNE030002;3
BXNE0110E2;3
BXNE010B02;3
BXLTI200E;3
BXLT1B0E;3
BXLT1B02;3
BVNR02B03-00;3
BVNP13B03-B0;3
BVMTI0002;3
BSI26_1;3
BPX1B02-10-0C;3
BPX0002-10-0B;3
BEAI2003;3
BA488C;3
BA390B;3
ASSBB-0-10BAR;3
ASSBB-0-100BAR;3
ACCDIVSSC002;3
ACCDIVS010;3
ACCDIVS008;3
ACCDIVKIT-04;3
ACCDIVKIT-01;3
ACCDIVGT45G;3
ACCDIV-DE16-600272;3
850LFTTT03ALB0180602;3
81EISF03AHB45470F;3
50LFTTT03ALB01606020;3
50LFTTT03ALB01004002;3
UITAN-1UN-1M3-UN000;2
UITAN-1UN-1M2-UC001;2
TIXLINK5;2
SZDFBE03ABBZ14AD21AB;2
SA-DE20-200207;2
SA-DE19-900394-21;2
S5VIKNK11RIZ951850BB;2
S5VIKNK11RI1604750BB;2
S5VIKNK11RI1604700BB;2
S5VIKNK11RI1602750BB;2
S5VIKNK11RI1601900BB;2
S5VIKNK11RI1601480BB;2
S5VIKNK11RI1601330BB;2
S5VIKNK11RI1600630BB;2
S5VIDE03ABB1ZZAD20BF;2
S5VIBV06ABBS50AD30BT;2
S5VIBE03AHB1601000BB;2
S5VFPR03ABB260AD30B0;2
S5VFNAK71RI2301250BT;2
S5VFNA15ABB1602050BB;2
S5VFNA03AZB1600700BB;2
S5VFNA03ABBS60AD30BT;2
S5VFNA03ABB880235ZBF;2
S5VFNA03ABB1602850BF;2
S5VFNA03ABB1601500BF;2
S5VFDV03AXXF-084;2
S5VFBW04BBB1802700BL;2
S5VFBE03ABBS60AD10BL;2
S5UIKNR11RI260ADZZ0B;2
S5UIBW04ABB280AD3BBT;2
S5UIBW04ABB280AD2BBT;2
S5TT03ALB18G0183017;2
S5MIDVR11ZZ280ZZZBBT;2
S5MIDN125-DE20241932;2
S5MI-DN25-DE20241932;2
S5MI-DN15-DE20241932;2
S5LINA03ABA0601000BF;2
S5LFZZ03ABB0600500BF;2
S5LFNAK71RI0301000B0;2
S5LFNA04ABB0904000BB;2
S5LFNA04ABB0901250BB;2
S5LFNA04ABB0122400BB;2
S5LFNA03ABB080ZZZ0BB;2
S5LFNA03ABB0808000BF;2
S5LFNA03ABB060AD10BF;2
S5LFNA03ABB0600500BT;2
S5LFNA03ABB0600500BF;2
S5LFME03ATB0455000ZB;2
S5LFBE03ABB0ZZ1000BB;2
S5KFNAK11HI2601000BB;2
S5KFNA03ABB2603000BB;2
S5KFNA03ABB2602500BF;2
S5KFNA03ABB2602000BB;2
S5KFNA03ABB2601500BB;2
S5DINA04ABB2601501BB;2
S5DINA04ABB2601001BB;2
S5DIDV03AXXT-299;2
S5DFNA03ABB1601201BF;2
S5CFBV06ALB060050BBT;2
S5AIWA03AZBA600500BF;2
S5-DE20241626-4;2
S5-DE18-800518;2
S5-DE18-800421-3;2
S5-DE16-600473;2
S5-DE16-600379-2;2
S5-DE15-500640-2;2
S5-DE15-500640-1;2
S5-DE14-40033-2;2
S4VFXW03ABBS80AD10DK;2
S4VFXW03ABB260AD100K;2
S4VFXEK11RIS60ZZZ00B;2
S4VFXE03ALB1602000CE;2
S4VFXE03ALB1600500CK;2
S4VFXE03ABBZ300400CE;2
S4VFXE03ABBS60AD40CB;2
S4VFXE03ABB7802200CE;2
S4VFXE03ABB360AD10DE;2
S4VFXE03ABB2903000DE;2
S4VFXE03ABB260AD20DB;2
S4VFXE03ABB1801000CB;2
S4VFXE03ABB160AD30CE;2
S4VFXE03ABB160AD20CB;2
S4VFXE03ABB160AD10DE;2
S4VFPR03AHB260AD10DB;2
S4UIXW04ABB260AD2BDS;2
S4UIXEK71RI260285B0B;2
S4UIXEK11RI260325B0B;2
S4UIXEK11RI260285B0B;2
S4UI-SPE;2
S4MIXS04AHB260AD5A0S;2
S4LIXE03AXXE-315;2
S4LIXE03ABB0802950CB;2
S4LFZZ03ABB080AD4000;2
S4LFZZ03ABB080AD3000;2
S4LFXE06ABB0105000DB;2
S4LFXE03AXXK-156;2
S4LFXE03AHB0803000DS;2
S4LFXE03ABB0901700CB;2
S4LFXE03ABB0601000CE;2
S4LFXE03ABB050ZZZ0CB;2
S4KFXE03ABB2602000CB;2
S4CFXE03ABB0601500CE;2
S4-DE20-200101;2
S4-DE19-900411-1;2
S4-DE18-800218-12;2
S4-DE18-800147;2
S4-DE17-700127-1;2
S4-DE16-600437-1;2
S1VINA03ABBS60AD20AE;2
S1VINA03ABBS601350AB;2
S1VINA03ABB1901500AB;2
S1VFZZ03AHB260AD20AB;2
S1VFNAK11RI1807350AK;2
S1VFNAK11RI1607300AK;2
S1VFNAK11RI1603750AK;2
S1VFNAK11RB160ZZZ0AK;2
S1VFNA06AHB160AD20AB;2
S1VFNA04ABBS60AD20AS;2
S1VFNA03BMB1802000AB;2
S1VFNA03BMB1602000AB;2
S1VFNA03BMB1601000AB;2
S1VFNA03BBB160AD30AS;2
S1VFNA03BBB1601800AS;2
S1VFNA03AXXE-310;2
S1VFNA03AXXE-184;2
S1VFNA03AXXE-028;2
S1VFNA03ALBS600900AE;2
S1VFNA03ALB1601200AE;2
S1VFNA03AHB160AD20AE;2
S1VFNA03AHB1603000AE;2
S1VFNA03ABBZ600500AE;2
S1VFNA03ABBZ300400AB;2
S1VFNA03ABBS60AD20AB;2
S1VFNA03ABBS500670AB;2
S1VFNA03ABB260AD20AS;2
S1VFNA03ABB260AD10AE;2
S1VFNA03ABB2300500AE;2
S1VFNA03ABB2200500AE;2
S1VFNA03ABB1807350AE;2
S1VFNA03ABB1603500AE;2
S1VFNA00ABB1ZZAD20AE;2
S1VFDE06ABB1101500AB;2
S1VFDE04ABB160AD20AB;2
S1VFBW03ABB160AD30AS;2
S1VFBE06ABB290AD10AB;2
S1VFBE06ABB18010000B;2
S1VFBE06ABB160AD20AB;2
S1VFBE03BHB1802000AB;2
S1VFBE03ALBS60AD20M0;2
S1VFBE03AHB1804000AB;2
S1VFBE03ABBS601700AB;2
S1VFBE03ABB5601500AE;2
S1UINAK71RI260890CAB;2
S1UINA03ABB160AD2BAE;2
S1UIBV06ABBZ60AD3CAS;2
S1MINA03ABB260AD3AAS;2
S1MINA03ABB160AD3BAB;2
S1MIDVE11RB260AD5BAS;2
S1MIDVE11RB260AD4BAS;2
S1MIBB03ABB260AD2AAS;2
S1LINA03AHB0603000AB;2
S1LINA03ABB0807000AB;2
S1LINA03ABB0801000AE;2
S1LINA03ABB0800700AS;2
S1LINA03ABB0100800AB;2
S1LFNAK71RI060AD40AB;2
S1LFNAK11RI0ZZ6000AB;2
S1LFNAK11RB060AD20AB;2
S1LFNA06ABB080AD30AB;2
S1LFNA04ABB060AD20AB;2
S1LFNA03AXXB-167;2
S1LFNA03AHB060ZZZ0AE;2
S1LFNA03AHB060AD30AS;2
S1LFNA03AHB0605500AE;2
S1LFNA03AHB0603000AE;2
S1LFNA03ABB080AD30AE;2
S1LFNA03ABB0807000AE;2
S1LFNA03ABB060AD300E;2
S1LFNA03ABB060AD20AB;2
S1LFNA03ABB0606200AE;2
S1LFNA03ABB0603700AE;2
S1LFNA03ABB0603000MB;2
S1LFNA03ABB0603000AK;2
S1LFNA03ABB0602800AE;2
S1LFNA03ABB0602350AE;2
S1LFNA03ABB0602000AS;2
S1LFNA03ABB0601500AS;2
S1LFNA03ABB0601300A0;2
S1LFBW06ABB080AD30AS;2
S1LFBW03AHB060AD20AE;2
S1LFBEK11RI0806000AB;2
S1LFBEK11RI0603000AB;2
S1LFBE03ABB0606000AB;2
S1LFB003ABB0802000AB;2
S1KFNA03ABB2601500AB;2
S1EIBC03AHB60150B;2
S1EIBC03ABB60400B;2
S1EIBC03ABB60300B;2
S1EIBC03ABB60250B;2
S1EI-DE18-800274-3;2
S1EI-DE18-800274-2;2
S1EI-DE18-800274-1;2
S1DIDE03ABB190300ZAE;2
S1DIBU06AHBSZZ160ZAS;2
S1DFNA06ABB1801501AB;2
S1DFNA03AXXE-294;2
S1DFNA03AHB1600704AE;2
S1DFNA03ABB760ZZZ1AE;2
S1DFNA03ABB160AD22AE;2
S1DFNA03ABB160AD11AE;2
S1DFBU03ABB160120ZAE;2
S1CFNA03ABB3600801AB;2
S1CFBV06ALB2602201ME;2
S1-DE20252210-6;2
S1-DE20252148-3;2
S1-DE20252148-1;2
S1-DE20241908-2;2
S1-DE20-21009801;2
S1-DE20-200481;2
S1-DE20-200429;2
S1-DE20-200095;2
S1-DE19-900698-1;2
S1-DE19-900480-2;2
S1-DE19-900480-1;2
S1-DE18-800743-2;2
S1-DE18-800743-1;2
S1-DE18-800608;2
S1-DE18-800518;2
S1-DE18-800117-2;2
S1-DE18-800080-2;2
S1-DE18-800080-1;2
S1-DE18-800067;2
S1-DE18-800058;2
S1-DE17-700524-4;2
S1-DE17-700374-2;2
S1-DE17-700302;2
S1-DE16-600475-2;2
S1-DE16-600246-3;2
S1-DE15-500735-3;2
S1-DE15-500702;2
S1-DE15-500527-5;2
S1-DE15-500527-4;2
S1-DE15-500212;2
S1-DE14-40070;2
S1-917605-2A;2
S1-916963-3A;2
S1-916963-2-3A;2
REGR28_4;2
REGR28_10;2
RDN213V007;2
RDN211C01;2
RDN211C00;2
RDN211002-EM;2
RDN210V007;2
RDN210AL1;2
RDN112B00;2
RDN110C02;2
RDN110B00;2
RDN102AL2;2
RDN102AA2;2
RDN100BL2;2
RDN100007;2
RDN100001;2
PAEB1001;2
LXR0000-02-00;2
LXC1000-30-00;2
LPX100E-10-1A;2
LPX1002-11-1A;2
LPX1002-10-0C;2
KIT_CF_PT1000_2P;2
KIT_CF_PT1000_1P;2
GZU1421;2
GZU1412;2
GTZ0H100X;2
GTTZZ200X;2
GTE0Z250Z1DB1;2
GTE0Z250X4DD1;2
GTE0F250XA6B1;2
GTB1B250X2DB1;2
GTB0ZZZZXA6B1;2
GTB0Z600XA5B1;2
GTB0D300XB5B1;2
GT80F150X;2
GT70H080X;2
GT70D080X;2
GT60Z060X;2
GT60J100X;2
GT60I015X;2
GT60H500X;2
GT60H220X;2
GT60H063Z;2
GT60H063X;2
GT60D100X;2
GT55B500U;2
GT50Z160X;2
GT50Z145X;2
GT50Z063W;2
GT50J050X;2
GT50H300X;2
GT50H160X;2
GT50H080X;2
GT50C150X;2
GT20Z150X;2
GT20Z100X;2
GT20Z050X;2
GT20J300X;2
GT20H070X;2
GT20B250X;2
GT20B200X;2
GT20A250X;2
GT20A200X;2
GT15A150X;2
GT10Z150X;2
GT10K145X;2
GT10F110X;2
GT-DE18-800218-18;2
GSI48_DC_2S_R;2
GSI48_AC_S_R;2
GSI48_AC_2S;2
GMZ0IZZZX;2
GMZ0I120X;2
GMZ0E150X;2
GMZ0A190X;2
GMZ0A100X;2
GMI0A100X;2
GMC0Z080X;2
GM90A300X;2
GM90A150X;2
GM90A100X;2
GM6ZD160X;2
GM60ZZZZX;2
GM60S200X;2
GM60I690X;2
GM60D060X;2
GM60A170X;2
GM60A165X;2
GM60A160X;2
GM60A110X;2
GM60A030X;2
GM50Z300X;2
GM50Z160X;2
GM50Z085X;2
GM50I070X;2
GM50A300X;2
GM50A060X;2
GM50A050X;2
GM50A045X;2
GM10E700X;2
GM-DE20241890;2
GEXI28_E;2
GEXI27_S;2
GEXI24_E_B_D;2
GEXI24_E_B;2
GEXI23;2
GEXI07_E;2
GEXI04_S;2
GEXI03_E;2
GCZ0Z280ZZDB1;2
GCZ0Z210X2DB1;2
GCZ0Z150ZZBB1;2
GCU10215X;2
GCU10180X;2
GCU10115X;2
GCTZZ060X;2
GCT0Z100X;2
GCB46252XD5B1;2
GCB46182XD5B1;2
GCB0Z380XA6B1;2
GC80Z300WB5B1;2
GC7Z7085X;2
GC-2000084830;2
GC-2000084828;2
GC-2000084826;2
GC-2000076329;2
GC-2000076328;2
GC-2000074592;2
GC-2000074585;2
GC-2000074581;2
GC-2000074574;2
EX-DE19-900394-3;2
EMB10X1;2
DE20-200062;2
DE19-900160;2
DE19-900133;2
DDR-15G-12;2
CRN600S20;2
CRN600S12;2
CRN200002;2
CR-02A;2
CPXEXTDT;2
CPX1020SD1;2
COFFRET-BHD51;2
CFN14G30;2
CFI34N80;2
CFI18G10;2
CFI14N30;2
CFI12N45;2
CFI12G50;2
CFI12G45;2
CFI12G135;2
CFI12G12;2
CFI12G100-PTFE;2
BZG907DAC;2
BZG789LPLUS;2
BZG788DPLUS;2
BZG728LPLUS;2
BZG722PLUS;2
BZG2715PPLUS;2
BZG2710PLUS;2
BZC6_100_12A_73;2
BZC665;2
BZC13_100_1_272;2
BZC10_100_1_75TR;2
BXNTI6B02;2
BXNT1B04-00-00;2
BXNT1A10-00-00;2
BXNT1003-00-03;2
BXNT1000-00-09;2
BXNRV1B03-00;2
BXNR76000-00;2
BXNR04003-00;2
BXNR03B00-00;2
BXNR03003-09;2
BXNR01003-00;2
BXNP15000-B0;2
BXNP12000-00;2
BXNI4A300;2
BXNI2T00;2
BXNI2A200;2
BXNI1TB0;2
BXNI1A400;2
BXNE760002;2
BXNE70000E;2
BXNE500002;2
BXNE360BE2;2
BXNE340BE2;2
BXNE313B02;2
BXNE0940EE;2
BXNE0920E2;2
BXNE090A0E;2
BXNE081002;2
BXNE0510E2;2
BXNE050B0E;2
BXNE034B0E;2
BXNE031002;2
BXNE0300E2;2
BXNE010B0E;2
BXNC19000-00;2
BXNA1003-13-00;2
BVNTI0B0E;2
BVNR03000-00;2
BVNC23B00-00;2
BR-DE19-900394;2
BPX1002-11-2D;2
BPX0B02-11-1A;2
BPX000E-11-1A;2
BPX000E-11-10;2
BER03003-00;2
BEE052002;2
BED211000;2
BA644DF-P;2
BA484DF-P;2
BA484D;2
BA427E-BL;2
BA338E;2
BA334E;2
BA304SG;2
BA304G-BL;2
ASSBB-80200C;2
ASSBB-0-400BAR;2
ANPRNU25SD6A1B21A-01;2
ACCDIVTX02;2
ACCDIVTKM;2
ACCDIVTKF;2
ACCDIVSSC003;2
ACCDIVS016;2
ACCDIVS014;2
ACCDIVS011;2
ACCDIVKIT-23;2
ACCDIVKIT-20;2
ACCDIVKIT-06;2
ACCDIVCBK20;2
ACCDIVBC_3P;2
ACCDIV-DE18-800722;2
ACCDIV-DE18-800218;2
ACCDIV-DE17-700718-1;2
81EISF03ALB40410F;2
81EISF03ABB60200F;2
50LFTS03ALB02508013;2
50LFTS03ALB02008013;2
XE-ADE1F;1
UITAN-1UN-1M5-UN000;1
UITAN-1UN-1M1-UN001;1
TWS11B90150;1
TWB14B1416000;1
TWB14B1306000;1
TIXO2D0-00;1
TIXO2B1-00;1
TIXLINK3_USB;1
TEST_CEM;1
TB10SSTJ11B60125;1
SZDFBE03ABBZ801601AB;1
SSC3/8-3/8_11;1
SSC3/8-3/8;1
SPP01043;1
SL190603EDF-2;1
SL190603EDF;1
SL-DE20-220568;1
SL-DE20-200439;1
SFT-E2235-1-REV2;1
SEIW03ABB90050B;1
SEIW03AAB90050S;1
SEFPA03AAB90050B;1
SEFP03ABB60035B;1
SEFP03AAB60050S;1
SDPM12-14G;1
SDN1U20;1
SD-DE20-SPECIAL1;1
SC-DE20-200267;1
SA-DE20-200316;1
SA-DE20-200105;1
SA-DE19SPE-1;1
S5VINAK11RIZ601500BB;1
S5VINA04AHB260210ZBB;1
S5VINA04AHB260190ZBB;1
S5VINA04AHB260145ZBB;1
S5VINA04AHB260140ZBB;1
S5VINA03AHB190AD20BF;1
S5VINA03ABB1901600BF;1
S5VINA03ABB1901500BF;1
S5VINA03ABB160ZZZ0BB;1
S5VIKNK11RIZ954470BB;1
S5VIKNK11RIZ954000BB;1
S5VIKNK11RI160AD40BB;1
S5VIKNK11RI1600730BB;1
S5VIBV06ALBS60AD30BT;1
S5VIBE03AHB1ZZ1000BB;1
S5VIBE03ABB2800800BF;1
S5VFZZ03ABB160150000;1
S5VFSE03ABBS60AD20MT;1
S5VFSE03ABB1601200BF;1
S5VFPR06ABB260AD30B0;1
S5VFNAK71RI2301250B0;1
S5VFNAK71RI2300750BT;1
S5VFNAK11RB160AD30BL;1
S5VFNAJ11HB160AD30BT;1
S5VFNAJ11BB160AD30BL;1
S5VFNA13_EC1/2;1
S5VFNA06AHB1ZZ2300BB;1
S5VFNA06ABBS60AD20BB;1
S5VFNA06ABBS60AD10BT;1
S5VFNA06ABB1ZZ4000BB;1
S5VFNA04ABB7102000BB;1
S5VFNA03ALB1602200BT;1
S5VFNA03ALB1601700BT;1
S5VFNA03ABBS803500BT;1
S5VFNA03ABB260AD50BB;1
S5VFNA03ABB260AD10BT;1
S5VFNA03ABB1ZZ4800BF;1
S5VFNA03ABB180AD50BB;1
S5VFNA03ABB1803000BB;1
S5VFNA03ABB1802000BF;1
S5VFNA03ABB1800700BB;1
S5VFNA03ABB160AD10BZ;1
S5VFNA03ABB1604350BF;1
S5VFNA03ABB1602000BL;1
S5VFNA03ABB1602000BB;1
S5VFNA03ABB1601000B0;1
S5VFDEK11BB5301000BB;1
S5VFDE03AHB1603200BB;1
S5VFDE03ABB530AD10BB;1
S5VFDE03ABB2602500ZF;1
S5VFBW04BBB1802200BT;1
S5VFBW04BBB1801700BL;1
S5VFBW03ABB2602900BF;1
S5VFBW03ABB2602850ZT;1
S5VFBW03ABB2601700BT;1
S5VFBW03ABB160AD10BF;1
S5VFBV06ABBS60AD30BT;1
S5VFBE06ABBS60AD30BB;1
S5VFBE03AXXF-250;1
S5VFBE03AHB1602000BB;1
S5VFBE03ABB2ZZ1200BF;1
S5VFBE03ABB1606000BF;1
S5VFBE03ABB1602000BB;1
S5VFBE-05-09-2022;1
S5UIZZ03ABB260150ZBZ;1
S5UINAK11RI260AD3CZB;1
S5UINA06ABBZZZ1752BB;1
S5UINA03ABB260150ZBB;1
S5UIKNK11RI260ADZB0T;1
S5UIKNE11RI260ADZB0T;1
S5UIBW04ABB280375BBT;1
S5UIBW04ABB280325BBT;1
S5UIBE03BBB1800802B0;1
S5MIDVK11RB280AD2BBT;1
S5MIDVE11RB260AD5BBT;1
S5MIDV03ABB260AD2ABT;1
S5MIBW04AHB260AD1ABT;1
S5MI-DE20252367-1;1
S5LINA03ABB0801500BT;1
S5LINA03ABB0801000BT;1
S5LINA03ABB0603500BF;1
S5LINA03ABB0601000BB;1
S5LFSE06AHB0ZZ2300BB;1
S5LFSE06ABBZZZ4000BB;1
S5LFSE06ABBZZZ3600BB;1
S5LFSE06ABBZZZ2800BB;1
S5LFSE06ABBZZZ2600BB;1
S5LFSE06ABBZZZ1300BB;1
S5LFNAK71RJ0301000BT;1
S5LFNAK71RI030AD20BT;1
S5LFNAK71RI0304000BT;1
S5LFNAK71RI0304000B0;1
S5LFNAK71RI0302000BT;1
S5LFNAK71RI0302000B0;1
S5LFNAK71RI0301500BT;1
S5LFNAK71RI0301500B0;1
S5LFNAK71RI0301000BT;1
S5LFNA30ABB0601400BB;1
S5LFNA05ABB0802800BB;1
S5LFNA04EBB0601000BF;1
S5LFNA04ABB0801600BT;1
S5LFNA04ABB0601500BT;1
S5LFNA04ABB0601000BB;1
S5LFNA04ABB0600500B0;1
S5LFNA03ALB0605700BF;1
S5LFNA03ALB0601600BF;1
S5LFNA03ALB0601000BF;1
S5LFNA03ALB0600700BT;1
S5LFNA03AHB0606000BF;1
S5LFNA03AHB0604000BF;1
S5LFNA03AHB0602500BT;1
S5LFNA03AHB0602000BT;1
S5LFNA03AHB0601600BB;1
S5LFNA03AHB0601500BF;1
S5LFNA03ABB0ZZ2000BB;1
S5LFNA03ABB0807000BF;1
S5LFNA03ABB0801000BF;1
S5LFNA03ABB060AD40BF;1
S5LFNA03ABB060AD40BB;1
S5LFNA03ABB0606000BT;1
S5LFNA03ABB0606000BB;1
S5LFNA03ABB0603000BB;1
S5LFNA03ABB0602500BT;1
S5LFNA03ABB0601000BB;1
S5LFNA03ABB0600800BF;1
S5LFNA03ABB0600700BF;1
S5LFME03AHB0302100ZB;1
S5LFMA04ABB0301130BB;1
S5LFBW03ALB0600500BF;1
S5LFBV06ALB0502000BF;1
S5LFBV06ALB0401000BT;1
S5LFBV06ABB0607000BB;1
S5LFBV06ABB0603730BT;1
S5LFBE13ABB0605800BB;1
S5LFBE03ALB0301100BF;1
S5LFBE03ABB0801000BF;1
S5LFBE03ABB060AD50BF;1
S5KFNAK11HI2603500BB;1
S5KFNAK11HI2603000BB;1
S5KFNAK11HI2602500BL;1
S5KFNAK11HI2602500BB;1
S5KFNAK11HI2602000BB;1
S5KFNAK11HI2601500BB;1
S5KFNA03ABB2602500BB;1
S5EIBC03ABB60255B;1
S5DINA04AZB2601501BB;1
S5DINA04ABB2603133BB;1
S5DINA03ABB2601001BB;1
S5DINA03ABB2600704B0;1
S5DIBW03ABB5300802BF;1
S5DIBE03ABB1801201BF;1
S5DIBE03ABB160AD11BF;1
S5DFNA04ABB1601453BT;1
S5DFNA04ABB1601002BT;1
S5DFNA03ABB1801502BB;1
S5DFNA03ABB1600501BF;1
S5DFNA03ABB1302502BL;1
S5DFDV03ABB160029ZBF;1
S5DFBW03ABB2603001BT;1
S5DFBU04ABB3600502BB;1
S5DFBU03ABB160320ZBL;1
S5DFBE06ABBS60AD14BB;1
S5DFBE06ABBS60AD12BB;1
S5DE20-200362-2;1
S5AFAL03AABL0500AS;1
S5-NA-TIXO3B;1
S5-DE20252664;1
S5-DE20252566;1
S5-DE20252214-1;1
S5-DE20252210-8;1
S5-DE20252210-7;1
S5-DE20241952;1
S5-DE20241908-1;1
S5-DE20241904;1
S5-DE20241626-6;1
S5-DE20241626-1;1
S5-DE20241490;1
S5-DE2023130301;1
S5-DE20231299;1
S5-DE20-220583-C;1
S5-DE20-220583;1
S5-DE20-210045;1
S5-DE20-200446-3;1
S5-DE20-200446-2;1
S5-DE20-200113;1
S5-DE20-200015;1
S5-DE19-900619;1
S5-DE18-800636;1
S5-DE18-800518-1;1
S5-DE18-800339;1
S5-DE18-800093-1;1
S5-DE18-800093;1
S5-DE17-700818-5;1
S5-DE17-700708;1
S5-DE17-700678-1;1
S5-DE17-700587;1
S5-DE16-600760-3;1
S5-DE16-600760-2;1
S5-DE16-600760-1;1
S5-DE16-600636;1
S5-DE16-600563;1
S5-DE16-600379;1
S5-DE16-600270-3;1
S5-DE16-600270-1;1
S5-DE15-50071;1
S5-DE15-50062-4;1
S5-DE14-40344-2;1
S5-917605-2-2B;1
S5-85LCTT5M;1
S4WLPP03A2B01206025;1
S4VIXW03ABBS101100DS;1
S4VIXW03ABBS100500DS;1
S4VIXW03ABB1801200CE;1
S4VIXS03ABB260AD300K;1
S4VIXE03AHB1ZZ5000D0;1
S4VIXE03AHB1601200DE;1
S4VIXE03ABZZZZ3500CE;1
S4VIXE03ABBZ606000CE;1
S4VIXE03ABBZ601000CE;1
S4VIXE03ABB1901000CE;1
S4VIXE03ABB1900500DE;1
S4VIXE03ABB1608500CE;1
S4VIXE03ABB1607000CE;1
S4VIXE03ABB1606000CE;1
S4VIXE03ABB1603000CE;1
S4VIXE03ABB1600500DE;1
S4VFXW03ABBS80AD40DK;1
S4VFXW03ABB280AD200K;1
S4VFXS04AHB2101550CK;1
S4VFXS03AHB160ZZZ0CE;1
S4VFXS03AHB160AD30CE;1
S4VFXS03ABB1901500CE;1
S4VFXS00ABB1601000C0;1
S4VFXEKZ1RIS60ZZZ00B;1
S4VFXEK71RIS60ZZZ00B;1
S4VFXEJ11HIS60ZZZ00S;1
S4VFXEJ11HIS60ZZZ00B;1
S4VFXE0ZABBS80ZZZ00B;1
S4VFXE06ABBS60ZZZ00B;1
S4VFXE06ABB260AD20CB;1
S4VFXE05BBB260AD10CE;1
S4VFXE05ABB260AD800B;1
S4VFXE05ABB260AD400B;1
S4VFXE05ABB260AD300B;1
S4VFXE03BBA5300800C0;1
S4VFXE03BBA1802000C0;1
S4VFXE03AXXB-174;1
S4VFXE03ALB1602200CS;1
S4VFXE03ALB1602200CE;1
S4VFXE03ALB1601500DE;1
S4VFXE03AHB5451000CE;1
S4VFXE03AHB2400750DS;1
S4VFXE03AHB1451000CE;1
S4VFXE03ABBS60ZZZ00B;1
S4VFXE03ABBS60AD40DE;1
S4VFXE03ABBS601100DS;1
S4VFXE03ABB260ZZZ0CE;1
S4VFXE03ABB260AD20DS;1
S4VFXE03ABB260AD20CE;1
S4VFXE03ABB260AD10DK;1
S4VFXE03ABB260AD10CS;1
S4VFXE03ABB260AD10CE;1
S4VFXE03ABB260AD10CB;1
S4VFXE03ABB2607000CE;1
S4VFXE03ABB2601000CE;1
S4VFXE03ABB2600800DE;1
S4VFXE03ABB2600800CB;1
S4VFXE03ABB2400750DS;1
S4VFXE03ABB1809000CE;1
S4VFXE03ABB1802000DE;1
S4VFXE03ABB1802000CE;1
S4VFXE03ABB1801000CE;1
S4VFXE03ABB160AD50CB;1
S4VFXE03ABB160AD10CS;1
S4VFXE03ABB1604000CE;1
S4VFXE03ABB1603000CB;1
S4VFXE03ABB1602500CE;1
S4VFXE03ABB1602000CE;1
S4VFXE03ABB1601500CS;1
S4VFXE03ABB1601120CB;1
S4VFXE03ABB1601000DE;1
S4VFXE03ABB1601000CE;1
S4VFXE03ABB1600500DE;1
S4VFPR03ABB1602000D0;1
S4UIXW04ABBZ80AD1CCS;1
S4UIXS04AHB260AD52ZS;1
S4UIXEK11RI295ZZZCCB;1
S4UIXEK11RI295AD5CCB;1
S4UIXEK11RB260AD4BCB;1
S4UIXE0ZABB2602002CB;1
S4UIXE04ABBZ80AD1CCS;1
S4UIXE04ABB280AD3ZDB;1
S4UIXE04ABB180AD32DB;1
S4UIXE03ABB260300CDE;1
S4UIPS04ALB260AD9B0B;1
S4UIPS04ALB260AD7B0B;1
S4MIXE06ABB260280ZDB;1
S4LIXE03ABB0801500CE;1
S4LIXE03ABB0101000DE;1
S4LFXW03ALB0802600DS;1
S4LFXW03ABB080AD30DS;1
S4LFXW03ABB0602250DS;1
S4LFXW03ABB0601500CE;1
S4LFXS03ABB060AD20ZE;1
S4LFXS03ABB060AD10ZE;1
S4LFXS03ABB0602000ZE;1
S4LFXS03ABB0101200CE;1
S4LFXEJ11HB060AD40CB;1
S4LFXE06ABB080AD200B;1
S4LFXE06ABB060AD200B;1
S4LFXE03ALB060ZZZ0DS;1
S4LFXE03ALB0600600CS;1
S4LFXE03AHB060ZZZ0CE;1
S4LFXE03AHB0605000CE;1
S4LFXE03AHB0604500CE;1
S4LFXE03ABB0ZZZZZ0CB;1
S4LFXE03ABB0ZZ2500CE;1
S4LFXE03ABB080AD20DB;1
S4LFXE03ABB0803500DS;1
S4LFXE03ABB0803500DK;1
S4LFXE03ABB0803000CS;1
S4LFXE03ABB0803000CE;1
S4LFXE03ABB060AD30CE;1
S4LFXE03ABB060AD20DE;1
S4LFXE03ABB060AD20DB;1
S4LFXE03ABB060AD1ZDE;1
S4LFXE03ABB0603000DE;1
S4LFXE03ABB0603000CE;1
S4LFXE03ABB0602900DE;1
S4LFXE03ABB0602250DS;1
S4LFXE03ABB0601450CE;1
S4LFXE03ABB0401000CE;1
S4KFXEK11HI2602500CK;1
S4KFXEK11HI2602500CB;1
S4KFXEK11HI2602000CB;1
S4KFXEK11HI2601500CB;1
S4KFXEK11HI2601000CB;1
S4KFXE03ABB2602500CE;1
S4KFXE03ABB2602500CB;1
S4KFXE03ABB2601500CB;1
S4KFXE03ABB2601000CB;1
S4DIXE03AXXE-104;1
S4DIXE03ABB1901502DS;1
S4DFXEK11RI1801201CB;1
S4DFXEK11RI1800201CB;1
S4DFXE03ABB1901501CE;1
S4DFXE03ABB1602501DB;1
S4DFXE03ABB160170ZDB;1
S4DFXE03ABB160070ZDB;1
S4CVXE03ALB0601000CE;1
S4CVXE03ALB0601000CB;1
S4CIXS03ALB2901001CS;1
S4CFXE03ABBZ601000CB;1
S4-DE20252607;1
S4-DE20-220591;1
S4-DE20-220543;1
S4-DE20-210147;1
S4-DE20-200446-6;1
S4-DE20-200367;1
S4-DE20-200024-1;1
S4-DE19-900411-2;1
S4-DE19-900216;1
S4-DE18-800542-2;1
S4-DE18-800542-1;1
S4-DE18-800323;1
S4-DE18-800144;1
S4-DE18-800100-1;1
S4-DE17-700829;1
S4-DE17-700210-1;1
S4-DE17-700104-1;1
S4-DE16-600437-2;1
S4-DE16-600272-2;1
S4-DE15-500672-8;1
S4-DE15-500672-7;1
S4-DE15-500558-3;1
S4-DE14-402941;1
S3-DE17-700779-3;1
S2000A-DE1310892;1
S1VINAK11RIZ608700AB;1
S1VINA03AXXE-029;1
S1VINA03ABBS80AD20AE;1
S1VINA03ABBS602500MB;1
S1VINA03ABBS602340AS;1
S1VINA03ABBS601850AB;1
S1VINA03ABB1901500A0;1
S1VINA03ABB1801000AK;1
S1VIKN03ABB290ZZZ0AB;1
S1VIKN03ABB2907800AB;1
S1VIDV03ABB2601500AS;1
S1VIBV06ABBS601800AB;1
S1VIBE03AXXB-129;1
S1VFZZ06BBBZ601350AB;1
S1VFSE03BBB1801750AB;1
S1VFSE03ABBS80AD20MK;1
S1VFSE03ABBS80AD10MK;1
S1VFSE03ABBS60AD30AE;1
S1VFSE03ABB160AD10AE;1
S1VFSE03ABB1601500AK;1
S1VFSE03ABB1600400AB;1
S1VFSE00ABB1300370ME;1
S1VFNAK11XXB-074;1
S1VFNAK11RIS605000AB;1
S1VFNAK11RIS603150AB;1
S1VFNAK11RI2802000AB;1
S1VFNAK11RI260AD40AB;1
S1VFNAK11RI1805900AK;1
S1VFNAK11RI1805600AK;1
S1VFNAK11RI160AD20AK;1
S1VFNAK11RI1608700AK;1
S1VFNAK11RI1607350AK;1
S1VFNAK11RI1604700AK;1
S1VFNAK11RI1604050AK;1
S1VFNAK11RB260AD40AB;1
S1VFNAK11RB160AD30AK;1
S1VFNAK11RB1608800AK;1
S1VFNAK11RB1608700AK;1
S1VFNAK11RB1602500AK;1
S1VFNAE11HB3604500AK;1
S1VFNAE11HB2601500AK;1
S1VFNA33ABB160AD10AK;1
S1VFNA13ABB1801500AB;1
S1VFNA06ABBS604150AB;1
S1VFNA06ABBS603550AB;1
S1VFNA06ABBS603450AB;1
S1VFNA06ABBS603250AB;1
S1VFNA06ABB2601900A0;1
S1VFNA06ABB160AD30AB;1
S1VFNA06ABB1142500AB;1
S1VFNA04ALB2906500AB;1
S1VFNA04ALB2904500AB;1
S1VFNA04ABBS604200AB;1
S1VFNA04ABBS603900AB;1
S1VFNA04ABBS603800AB;1
S1VFNA04ABBS603350AB;1
S1VFNA04ABBS603300AB;1
S1VFNA04ABBS602950AK;1
S1VFNA04ABBS602850AB;1
S1VFNA04ABBS602650AB;1
S1VFNA04ABBS602600AB;1
S1VFNA04ABBS602550AB;1
S1VFNA04ABBS602300AB;1
S1VFNA04ABBS602100AB;1
S1VFNA04ABBS601700AB;1
S1VFNA04ABBS30AD10AB;1
S1VFNA04ABB260AD10AB;1
S1VFNA03BMB1803000AB;1
S1VFNA03BMB1801000AB;1
S1VFNA03BMB1606000AB;1
S1VFNA03BMB1604500AB;1
S1VFNA03BMB1602500AB;1
S1VFNA03BMB1601500AB;1
S1VFNA03BMB1101000AB;1
S1VFNA03AZB260AD50AS;1
S1VFNA03AZB260AD20AS;1
S1VFNA03AXXE-313;1
S1VFNA03AXXE-311;1
S1VFNA03AXXE-301;1
S1VFNA03AXXE-186;1
S1VFNA03AXXE-009;1
S1VFNA03ALB1801500AE;1
S1VFNA03ALB1800950AE;1
S1VFNA03ALB1602000AS;1
S1VFNA03ALB1601500AE;1
S1VFNA03ALB1600800AE;1
S1VFNA03AHBS605900AS;1
S1VFNA03AHBS603600AS;1
S1VFNA03AHBS602900AS;1
S1VFNA03AHB3601000AB;1
S1VFNA03AHB160ZZZ0AE;1
S1VFNA03AHB160AD40AE;1
S1VFNA03AHB1607300AE;1
S1VFNA03AHB1604700AE;1
S1VFNA03AHB1604050AE;1
S1VFNA03AHB1603750AE;1
S1VFNA03AHB1601500A0;1
S1VFNA03ABBZ801450AB;1
S1VFNA03ABBZ602000AE;1
S1VFNA03ABBZ301000AE;1
S1VFNA03ABBZ300800AE;1
S1VFNA03ABBZ141000A0;1
S1VFNA03ABBS60AD20M0;1
S1VFNA03ABBS60050000;1
S1VFNA03ABB260AD50AS;1
S1VFNA03ABB260AD40AS;1
S1VFNA03ABB260AD40AE;1
S1VFNA03ABB260AD30AS;1
S1VFNA03ABB260AD20AB;1
S1VFNA03ABB260AD10AB;1
S1VFNA03ABB2602800AS;1
S1VFNA03ABB2602500AE;1
S1VFNA03ABB2601000AE;1
S1VFNA03ABB1ZZAD30AE;1
S1VFNA03ABB180AD20AB;1
S1VFNA03ABB1805900AE;1
S1VFNA03ABB1805600AE;1
S1VFNA03ABB1801600MB;1
S1VFNA03ABB1800500AE;1
S1VFNA03ABB160AD40AE;1
S1VFNA03ABB160AD20AB;1
S1VFNA03ABB1607350AE;1
S1VFNA03ABB1607300AE;1
S1VFNA03ABB1603750AE;1
S1VFNA03ABB1602500AS;1
S1VFNA03ABB1602500AB;1
S1VFNA03ABB1602000AS;1
S1VFNA03ABB1601600AE;1
S1VFNA03ABB1601400AZ;1
S1VFNA03ABB1601400AB;1
S1VFNA03ABB1601000AB;1
S1VFNA03ABB1600100AE;1
S1VFNA00ABB2602000AE;1
S1VFNA00ABB180AD20AE;1
S1VFMA03ABB5600500AB;1
S1VFKNK71BB2603050AB;1
S1VFKN03ABA2601000AS;1
S1VFDV03AHB1801000AE;1
S1VFDV03ABB2904000AS;1
S1VFDV03ABB2901500AS;1
S1VFDV03ABB2901000AS;1
S1VFDV03ABB280AD20AS;1
S1VFDV03ABB280AD10AS;1
S1VFDE04AHB2603000AB;1
S1VFDE04AHB160AD30AB;1
S1VFDE03ABBS60AD10AK;1
S1VFDE03ABB1605000AE;1
S1VFDE03ABB1602000AE;1
S1VFDE03ABB1601200AE;1
S1VFBW03AXXE-170;1
S1VFBW03ALB1602000AS;1
S1VFBW03ABBS60AD30MK;1
S1VFBW03ABBS60AD10AE;1
S1VFBW03ABB260AD10AK;1
S1VFBW03ABB1802000AE;1
S1VFBW03ABB160AD20AE;1
S1VFBW03ABB160AD10AE;1
S1VFBV08ALBZ141500AK;1
S1VFBV08ALBZ141500AB;1
S1VFBV06ABB160AD30AE;1
S1VFBV06ABB160AD20AE;1
S1VFBU03ABB1602000AE;1
S1VFBU03ABB1601000AE;1
S1VFBEK11RB160AD10AB;1
S1VFBE06ABBZ601000AB;1
S1VFBE06ABB1601000AB;1
S1VFBE03BHB1803000AB;1
S1VFBE03BHB1801000AB;1
S1VFBE03BHB1602000AB;1
S1VFBE03BHB1601500AB;1
S1VFBE03AHB180ZZZ0AB;1
S1VFBE03AHB160ZZZ0AB;1
S1VFBE03AHB1604000AB;1
S1VFBE03AHB1602000AB;1
S1VFBE03ABBS401070AB;1
S1VFBE03ABB2601700AS;1
S1VFBE03ABB1603000AB;1
S1VFBE03ABB1602000AE;1
S1VFBE03ABB1600400AE;1
S1VFBE00ABB1ZZ0500AB;1
S1VFB006ABB1801700AB;1
S1VFB006ABB1601700AB;1
S1VFB003ABB160AD30AE;1
S1VFB003ABB1607230AB;1
S1VFB003ABB1600400AE;1
S1VF-DE20252542;1
S1UINA04ABB280AD22AS;1
S1UINA03ABB260AD5ZAK;1
S1UINA03ABB160AD22AE;1
S1UIKNR11RI260ADZB0B;1
S1UIKNK11ZI280915CAB;1
S1UIKNK11RI260ADZZ0S;1
S1UIKNK11RI260ADZB0S;1
S1UIKNK11RI260ADZB0B;1
S1UIKNK11HB280206CAB;1
S1UIKNE11RI260ADZB0S;1
S1UIKNE11RI260ADZB0B;1
S1UIKN03AZB280ZZZCAB;1
S1UIKN03AZB280762CAB;1
S1UIKN03ALB260335BAS;1
S1UIBWK11RB280AD2BAS;1
S1UIBW04ABB280AD22AS;1
S1UIBW03AHB280AD22AS;1
S1UIBW03ABB280AD2BAS;1
S1MINAK71RB160290ZAB;1
S1MINAK11RIZ60AD4ZA0;1
S1MINA04CBB160180BAS;1
S1MINA04CBB160160BAS;1
S1MINA04CBB160110BAS;1
S1MINA03AXXS-264;1
S1MINA03ABB160AD3BAS;1
S1MINA03ABB160AD2BAE;1
S1MIKNK11RI210200BZB;1
S1MIKNK11RI210200BGB;1
S1MIKNK11HB2ZZ220BZB;1
S1MIDVR11ZZ280ZZZBAS;1
S1MIDVK11RB280AD4BAS;1
S1MIDVK11RB280AD3BAS;1
S1MIDVK11RB260150BAS;1
S1MIDVE11RB260ZZZBAS;1
S1MIDVE11RB260AD3BAS;1
S1MIDVE11RB260AD2BAS;1
S1MIDV03ABB260AD5BAS;1
S1MIDV03ABB260AD3BAS;1
S1MIDEK71ZB280280BAB;1
S1MIBB03ABB260AD2AA0;1
S1LI_DRT-001;1
S1LINAK11RI0805000AK;1
S1LINAK11RB0804250AK;1
S1LINAK11RB0606000AS;1
S1LINA03AXXB-275;1
S1LINA03ABB0ZZ1500AB;1
S1LINA03ABB0806000AK;1
S1LINA03ABB0806000A0;1
S1LINA03ABB0803000AB;1
S1LINA03ABB0802300MK;1
S1LINA03ABB0801500AK;1
S1LINA03ABB0606000AS;1
S1LINA03ABB0604400AS;1
S1LINA03ABB0604400AK;1
S1LINA03ABB0603800AS;1
S1LINA03ABB0603800AK;1
S1LINA03ABB0603400AS;1
S1LINA03ABB0602800AS;1
S1LINA03ABB0602500AS;1
S1LINA03ABB0602500AB;1
S1LINA03ABB0601000AE;1
S1LINA00ABA0602500AB;1
S1LIBW03ABB0600800AE;1
S1LIBEK11RZ0ZZ7500AB;1
S1LIBE03ABB080AD10AB;1
S1LIBB06ABB0802000AB;1
S1LIBB03ABB060ZZZ0AB;1
S1LIBB03ABB0602000AB;1
S1LI-DE20252686;1
S1LFSE13ABB060AD300B;1
S1LFSE03AHD0601800AB;1
S1LFSE03ABB0603000AE;1
S1LFSE03ABB0600800AB;1
S1LFSE00ALB0802500AE;1
S1LFNAK71RI060ZZZ0AS;1
S1LFNAK71RI030ZZZ0AS;1
S1LFNAK71RI0305000AS;1
S1LFNAK11TI0602000AB;1
S1LFNAK11RI0806000AB;1
S1LFNAK11RI0804250AK;1
S1LFNAK11RI0605000AB;1
S1LFNAK11RI0603000AK;1
S1LFNAK11RI0602300AB;1
S1LFNAK11RI0305900AB;1
S1LFNAK11RB0803500AS;1
S1LFNAK11RB0802350AK;1
S1LFNAK11RB060ZZZ0AK;1
S1LFNAK11RB060AD30AE;1
S1LFNAK11RB0602500AS;1
S1LFNAJ11HB0605000AK;1
S1LFNA13ABB080AD30AB;1
S1LFNA13ABB060AD10MS;1
S1LFNA13ABB0602500AK;1
S1LFNA13ABB0601500AK;1
S1LFNA06BBB0604000AB;1
S1LFNA06AHB060AD40AB;1
S1LFNA06ABB0603350AB;1
S1LFNA06ABB0601000AB;1
S1LFNA04EZB0601000AB;1
S1LFNA04ALB0602500AB;1
S1LFNA04ABB060AD30AB;1
S1LFNA03AZB0601200AE;1
S1LFNA03AXXE-215;1
S1LFNA03AXXB-219;1
S1LFNA03ALB0ZZ2200AB;1
S1LFNA03ALB0601000AB;1
S1LFNA03ALB0600700AE;1
S1LFNA03AHB0807500AE;1
S1LFNA03AHB0805080A0;1
S1LFNA03AHB0609990AS;1
S1LFNA03AHB0606000AE;1
S1LFNA03AHB0604500AE;1
S1LFNA03AHB0603500AE;1
S1LFNA03AHB0603200AS;1
S1LFNA03AHB0602000AE;1
S1LFNA03AHB0601500AS;1
S1LFNA03AHB0601000AE;1
S1LFNA03ABB0ZZ5500AE;1
S1LFNA03ABB080ZZZ0AE;1
S1LFNA03ABB080AD40AE;1
S1LFNA03ABB080AD20AE;1
S1LFNA03ABB080AD20AB;1
S1LFNA03ABB0809990AE;1
S1LFNA03ABB0806000AS;1
S1LFNA03ABB0805050AB;1
S1LFNA03ABB0805000AE;1
S1LFNA03ABB0804000AE;1
S1LFNA03ABB0804000AB;1
S1LFNA03ABB0803000AS;1
S1LFNA03ABB0803000AB;1
S1LFNA03ABB0802700AE;1
S1LFNA03ABB0802000AS;1
S1LFNA03ABB0801600A0;1
S1LFNA03ABB0801000AB;1
S1LFNA03ABB060ZZZ00E;1
S1LFNA03ABB0609000AE;1
S1LFNA03ABB0604000AE;1
S1LFNA03ABB0603500AS;1
S1LFNA03ABB0603250AB;1
S1LFNA03ABB0603000MK;1
S1LFNA03ABB0603000AS;1
S1LFNA03ABB0603000AB;1
S1LFNA03ABB0603000A0;1
S1LFNA03ABB0602900AE;1
S1LFNA03ABB0602000AK;1
S1LFNA03ABB0602000AB;1
S1LFNA03ABB0601890AE;1
S1LFNA03ABB0601800AE;1
S1LFNA03ABB0601300AB;1
S1LFNA03ABB0601000AS;1
S1LFNA03ABB0600800AK;1
S1LFNA03ABB0600600AE;1
S1LFNA03ABB045AD10AE;1
S1LFNA03ABB0456500AB;1
S1LFNA03ABB0105000AB;1
S1LFNA00ABB0502000AB;1
S1LFME00ABB0602500AB;1
S1LFKNK11RI0805750AB;1
S1LFKNK11HI0803900AB;1
S1LFKN03ABB0ZZ3500AB;1
S1LFKN03ABB0ZZ2500AB;1
S1LFKN03ABB0602500AE;1
S1LFKF04ABZ0951500AB;1
S1LFHL06ABB0600600AB;1
S1LFDVN11RI0604000AK;1
S1LFDVK11RI0604000AK;1
S1LFDV03ALB0602000ZE;1
S1LFDE03ABB060AD10AE;1
S1LFDE03ABB0452500AE;1
S1LFBW05ABB0605500AE;1
S1LFBW03ALB0600500AS;1
S1LFBW03ABB060AD30AS;1
S1LFBV16CBB0601500AS;1
S1LFBU06ABB060AD20AE;1
S1LFBU06ABB0600700AE;1
S1LFBEK71RI060ZZZ0AS;1
S1LFBEK11RI0ZZ6000AB;1
S1LFBE04ABB0602500AB;1
S1LFBE03ALB080ZZZ0AB;1
S1LFBE03AHB0805000AS;1
S1LFBE03AHB0804500AK;1
S1LFBE03AHB0603100AK;1
S1LFBE03ABB0806000AB;1
S1LFBE03ABB0802000AB;1
S1LFBE03ABB060AD20AB;1
S1LFBE03ABB0603100AE;1
S1LFBE03ABB0602000AE;1
S1LFBE03ABB0602000AB;1
S1LFBE03ABB0601200AB;1
S1LFBE03ABB0600800AE;1
S1LF-02-TCJ;1
S1KFNAK11HI2602500AK;1
S1KFNAK11HI2602500AB;1
S1KFNAK11HI2602000AB;1
S1KFNAK11HI2601500AB;1
S1KFNAK11HI2601000AB;1
S1KFNA03ABB2602000AB;1
S1KFNA03ABB2601000AB;1
S1EIBC14CBB60250B;1
S1EIBC06ABB60460B;1
S1EIBC06ABB60375B;1
S1EIBC06ABB60360B;1
S1EIBC03AHB60650B;1
S1EIBC03AHB60295B;1
S1EIBC03AHB060296;1
S1EIBC03ABB80640B;1
S1EIBC03ABB60525B;1
S1EIBC03ABB60405B;1
S1DINAK71RI1137503AB;1
S1DINAK71RI1135003AB;1
S1DINAK11RB2ZZ5002A0;1
S1DINA03ABB1601201AE;1
S1DIKN03ABBZZZ210ZZB;1
S1DIDEK11ZI2604702AK;1
S1DIDE03ABB2602702AK;1
S1DIBEK71RI2602003AS;1
S1DIBEK11RZZZZ7002AB;1
S1DIBEK11RZ9ZZ7002AB;1
S1DIBEK11RZ9ZZ4002AB;1
S1DIBEK11RZ7ZZ9002AB;1
S1DIBEK11RZ7ZZ7002AB;1
S1DIBEK11RI9602702AB;1
S1DIBE06ABA2802752AB;1
S1DIBE03ABB8ZZ5002AB;1
S1DFSE06AZBS400251AB;1
S1DFNAK11RI2601001AS;1
S1DFNAE11HB2601501AK;1
S1DFNA0ZAHB160AD11AB;1
S1DFNA06ABBS801301AB;1
S1DFNA03ALB1601651AE;1
S1DFNA03AHB815240ZAB;1
S1DFNA03ABBS801001AB;1
S1DFNA03ABBS60AD33A0;1
S1DFNA03ABBS60AD23AB;1
S1DFNA03ABB260AD21AE;1
S1DFNA03ABB260AD11AE;1
S1DFNA03ABB2601502AK;1
S1DFNA03ABB160AD52AE;1
S1DFNA03ABB160AD41AB;1
S1DFNA03ABB160AD31AE;1
S1DFNA03ABB160AD12AE;1
S1DFKNZ11ZZZZZ325ZAM;1
S1DFKN13ABA2603501AB;1
S1DFBEK11RIZ60502ZA0;1
S1DFBE04ABBS60395ZA0;1
S1DFBE03ABBS60395ZAE;1
S1DFBE03ABB260AD14AS;1
S1DE20-210068;1
S1DE20-200428-1;1
S1CFNA03AXXE-280;1
S1AF-SPE001;1
S1-DT088;1
S1-DE20252680;1
S1-DE20252210-5;1
S1-DE20252210-4;1
S1-DE20252210-3;1
S1-DE20252210-2;1
S1-DE20252210-1;1
S1-DE20241869;1
S1-DE20241831;1
S1-DE20241721-3;1
S1-DE20241721-2;1
S1-DE20241721-1;1
S1-DE20241627-1;1
S1-DE20241513;1
S1-DE20241488-1;1
S1-DE20241374-2;1
S1-DE20241374-1;1
S1-DE20231070;1
S1-DE20231068-1;1
S1-DE20231029;1
S1-DE20230990-1;1
S1-DE20230872-3;1
S1-DE20-220434;1
S1-DE20-210171;1
S1-DE20-210152;1
S1-DE20-210127;1
S1-DE20-210126;1
S1-DE20-210119-3;1
S1-DE20-210119-2;1
S1-DE20-210119-1;1
S1-DE19-900776-3;1
S1-DE19-900690-2;1
S1-DE19-900690-1;1
S1-DE19-900461-5;1
S1-DE19-900461-3;1
S1-DE19-900461-1;1
S1-DE19-900400;1
S1-DE19-900385-2;1
S1-DE19-900385-1;1
S1-DE19-900366;1
S1-DE19-900364-2;1
S1-DE19-900364-1;1
S1-DE19-900323-3;1
S1-DE19-900323-2;1
S1-DE19-900323-1;1
S1-DE19-900317-4;1
S1-DE19-900316;1
S1-DE19-900313-2;1
S1-DE19-900313-1;1
S1-DE19-900278-3;1
S1-DE19-900278-08;1
S1-DE19-900278-07;1
S1-DE19-900278-06;1
S1-DE19-900278-05;1
S1-DE19-900278-04;1
S1-DE19-900278-03;1
S1-DE19-900278-02;1
S1-DE19-900278-01;1
S1-DE19-900225-3;1
S1-DE19-900225-2;1
S1-DE19-900225-1;1
S1-DE19-900171;1
S1-DE19-900165-2;1
S1-DE19-900165-1;1
S1-DE19-250619;1
S1-DE19-070619;1
S1-DE18-80667-11;1
S1-DE18-800704-1;1
S1-DE18-800673;1
S1-DE18-800667-5;1
S1-DE18-800667-3;1
S1-DE18-800667-10;1
S1-DE18-800667-1;1
S1-DE18-800618;1
S1-DE18-800610;1
S1-DE18-800583;1
S1-DE18-800561-1;1
S1-DE18-800546-1;1
S1-DE18-800527-2;1
S1-DE18-800474-5;1
S1-DE18-800474-4;1
S1-DE18-800474-3;1
S1-DE18-800474-2;1
S1-DE18-800474-1;1
S1-DE18-800464;1
S1-DE18-800457-1;1
S1-DE18-800407-1;1
S1-DE18-800386-4;1
S1-DE18-800316-2;1
S1-DE18-800316-1;1
S1-DE18-800256-2;1
S1-DE18-800256-1;1
S1-DE18-800244-1;1
S1-DE18-800236;1
S1-DE18-800214-2;1
S1-DE18-800209;1
S1-DE18-800201;1
S1-DE18-800175-1;1
S1-DE18-800144-4;1
S1-DE18-800144;1
S1-DE18-800096-4;1
S1-DE18-800095-2;1
S1-DE18-800095;1
S1-DE18-800074-2;1
S1-DE18-800046-2;1
S1-DE18-800046;1
S1-DE18-800019;1
S1-DE18-800015;1
S1-DE18-700769-4;1
S1-DE18-700769-3;1
S1-DE18-700769-2;1
S1-DE18-700769-1;1
S1-DE18-24072018-1;1
S1-DE18-0205892;1
S1-DE18-0177-OS-A0;1
S1-DE17-700883;1
S1-DE17-700861;1
S1-DE17-700857;1
S1-DE17-700793-2;1
S1-DE17-700793-1;1
S1-DE17-700789-2;1
S1-DE17-700789-1;1
S1-DE17-700719-2;1
S1-DE17-700719-1;1
S1-DE17-700694-2;1
S1-DE17-700694-1;1
S1-DE17-700686;1
S1-DE17-700685;1
S1-DE17-700669-1;1
S1-DE17-700616;1
S1-DE17-700591;1
S1-DE17-700582;1
S1-DE17-700524-3-R1;1
S1-DE17-700480;1
S1-DE17-700466-2;1
S1-DE17-700466-1;1
S1-DE17-700443-1;1
S1-DE17-700383;1
S1-DE17-700303;1
S1-DE17-700272;1
S1-DE17-700233;1
S1-DE17-700218;1
S1-DE17-700174;1
S1-DE17-700161;1
S1-DE17-700160-3;1
S1-DE17-700160-2;1
S1-DE17-700160-1;1
S1-DE17-700133;1
S1-DE17-700100;1
S1-DE16-600753-5;1
S1-DE16-600753-3;1
S1-DE16-600753-2;1
S1-DE16-600753-1;1
S1-DE16-600735;1
S1-DE16-600713;1
S1-DE16-600571;1
S1-DE16-600554;1
S1-DE16-600475-3;1
S1-DE16-600455-4;1
S1-DE16-600455-3;1
S1-DE16-600404-1;1
S1-DE16-600224-1;1
S1-DE16-600224;1
S1-DE16-600211;1
S1-DE16-600193;1
S1-DE16-600157;1
S1-DE16-600156-1;1
S1-DE15-50136;1
S1-DE15-500799;1
S1-DE15-500735-6;1
S1-DE15-500735-5;1
S1-DE15-500735-4;1
S1-DE15-500735-2;1
S1-DE15-500735-1;1
S1-DE15-50071-4;1
S1-DE15-50071-3;1
S1-DE15-50071-2;1
S1-DE15-50071-1;1
S1-DE15-500672-9;1
S1-DE15-500672-6;1
S1-DE15-500672-5;1
S1-DE15-500672-4;1
S1-DE15-500672-3;1
S1-DE15-500672-2;1
S1-DE15-500672-12;1
S1-DE15-500672-11;1
S1-DE15-500672-10;1
S1-DE15-500672-1;1
S1-DE15-50067;1
S1-DE15-500668;1
S1-DE15-500630;1
S1-DE15-500558-2;1
S1-DE15-500558-1;1
S1-DE15-500544;1
S1-DE15-500527-9;1
S1-DE15-500527-8;1
S1-DE15-500527-7;1
S1-DE15-500527-2;1
S1-DE15-500527-12;1
S1-DE15-500527-11;1
S1-DE15-500527-10;1
S1-DE15-500527-1;1
S1-DE15-500403;1
S1-DE15-500391;1
S1-DE15-500305-2;1
S1-DE15-500305-1;1
S1-DE15-500272;1
S1-DE14-40415-2;1
S1-DE14-40415;1
S1-DE14-40366;1
S1-DE14-40136;1
S1-916963-3B;1
S1-603000-999-2A;1
S1-603000-999-0;1
S1-602000-999-2A;1
S1-602000-999-2-2A;1
S0LFNA03ABB0ZZ7000AS;1
S0LFNA03ABB0ZZ7000AB;1
REP_ATEL_PHY;1
RDNBOXVIB;1
RDNBOXB2;1
RDN410B00;1
RDN410002;1
RDN213WB03;1
RDN213W007;1
RDN211WB04;1
RDN211W023;1
RDN211W014;1
RDN211W004;1
RDN211CM2;1
RDN211C02;1
RDN211BL1;1
RDN211AM1;1
RDN211AA2;1
RDN211000-EM;1
RDN210B01;1
RDN210B00;1
RDN210AL0;1
RDN112B02;1
RDN112AM0;1
RDN112AL0;1
RDN112007;1
RDN102000;1
RDN100B00;1
PVTX302;1
PVTX301;1
PT100CLA1503;1
PB1-E1;1
PAE1840-00;1
PAE180000;1
PAE115302;1
PA-SP1;1
P164AH3;1
P162AH0;1
P082AH3;1
P081005;1
MZB1400;1
LXR1S10-26-00;1
LXR1003-45-00;1
LXR1000-29-00;1
LW01DT3-00-00;1
LW01003-00-00;1
LV00003-00-00;1
LPX1S12-10-10;1
LPX100E-11-10;1
LPX1002-10-1A;1
LPX000E-10-1A;1
KIT_CF_PT1000_3P;1
KIT_CF_KTY10_6P;1
K93;1
HMG1;1
GTZ5Z200X;1
GTZ0Z300Z2GB1;1
GTZ0Z220X;1
GTZ0Z200X;1
GTZ0Z050X;1
GTZ0H200X;1
GTZ0H080X;1
GTZ0D250XA6B1;1
GTZ0A180X4DB1;1
GTZ0A145X;1
GTU0H060X;1
GTT1I070X;1
GTT0Z155X;1
GTT0H125X;1
GTT0H100X;1
GTT0B200X;1
GTS7H150X;1
GTS0A145X;1
GTS0A070X;1
GTE0Z375ID1B1;1
GTE0Z300Z;1
GTE0Z255Z4DA1;1
GTE0Z250C2DA1;1
GTE0Z235ID1B1;1
GTE0Z205Z;1
GTE0H300Z;1
GTE0F400XA6B1;1
GTE0F200XA6B1;1
GTE0E400U1DB1;1
GTE0E300U1DB1;1
GTE0C300X2DB1;1
GTBZD220XB5B1;1
GTB0ZZZZXA5B1;1
GTB0Z900IA6B1;1
GTB0Z850IA6B1;1
GTB0Z800XA6B1;1
GTB0Z795XB6B1;1
GTB0Z750IA6B1;1
GTB0Z700XA6B1;1
GTB0Z700XA5B1;1
GTB0Z600XB5B1;1
GTB0Z600XA6B1;1
GTB0Z500XB6B1;1
GTB0Z400XA5B1;1
GTB0Z380XB6B1;1
GTB0Z285XB6B1;1
GTB0Z270XA5B1;1
GTB0Z200X4GB1;1
GTB0Z130XA5B1;1
GTB0H250X2GA1;1
GTB0F220XB5B1;1
GTB0D200XB1B1;1
GTB0C175X3FB1;1
GTB-DE20231104-1;1
GTA0ZZZZZA5A1;1
GTA0ZZZZX2ZA1;1
GT80F100X;1
GT7ZZ150X;1
GT70H120X;1
GT70D150X;1
GT70D110X;1
GT70D100X;1
GT60Z400X;1
GT60Z105X;1
GT60Z080X;1
GT60K195X;1
GT60J105X;1
GT60J050X;1
GT60H515X;1
GT60H510X;1
GT60H380X;1
GT60H310X;1
GT60H300X;1
GT60H250X;1
GT60H205X;1
GT60H160X;1
GT60H085X;1
GT60H055X;1
GT60F200X;1
GT60C115Z;1
GT60B170X;1
GT57I025X;1
GT57D600X;1
GT55Z162X;1
GT51B100X;1
GT50Z500X;1
GT50Z430X;1
GT50Z250X;1
GT50Z190W;1
GT50Z152W;1
GT50Z114W;1
GT50Z110X;1
GT50Z074X;1
GT50Z020X;1
GT50J150X;1
GT50H500X;1
GT50H400X;1
GT50H112X;1
GT50H070X;1
GT50B080X;1
GT2ZZ300X;1
GT25J070X;1
GT20Z571W;1
GT20Z419W;1
GT20Z343W;1
GT20Z280Z;1
GT20Z266W;1
GT20Z200X;1
GT20H200X;1
GT20F100X;1
GT20D080X;1
GT20A600X;1
GT20A450X;1
GT20A400X;1
GT20A350X;1
GT20A150X;1
GT20A145X;1
GT20A070X;1
GT15A200X;1
GT14A400X;1
GT14A200X;1
GT14A070X;1
GT13Z150X;1
GT12A145X;1
GT10Z160X;1
GT-GEO117214;1
GT-DE20241831;1
GT-DE20231104-2;1
GT-DE18-800229;1
GT-DE17-700846;1
GT-DE15-500686;1
GT-117105;1
GSI48_DC;1
GSI48_AC_2S_R;1
GSI48_AC;1
GSI27;1
GSI-PSD002;1
GSI-BA458C;1
GSI-BA454D;1
GSI-BA334D;1
GRE0A225X2DB1;1
GR-DE17-700189-3;1
GR-DE17-700189-2;1
GR-DE17-700189-1;1
GMZ0ZZZZX2JB1;1
GMZ0ZZZZX;1
GMZ0Z100X;1
GMZ0S350X2DA1;1
GMZ0I145X;1
GMZ0A450X;1
GMZ0A200X2DB1;1
GMZ0A200X;1
GMZ0A150X;1
GMZ0A100W;1
GMZ0A070W;1
GMZ0A050W;1
GMI0A200X;1
GMF0J040X;1
GMB96200;1
GMB96100B;1
GMB0A250X;1
GMB0A200X;1
GMB0A166X;1
GMB0A100X;1
GMB0A066X;1
GMB0A040X;1
GMB0A020X;1
GM65D850X;1
GM61A035X;1
GM60Z250X;1
GM60Z200X;1
GM60Z080X;1
GM60Z075Z;1
GM60Z070X;1
GM60Z050X;1
GM60S135X;1
GM60S080X;1
GM60S075X;1
GM60S040X;1
GM60I675X;1
GM60I140X;1
GM60D200X;1
GM60D100X;1
GM60D080X;1
GM60C210X;1
GM60A800X;1
GM60A435X;1
GM60A400X;1
GM60A350X;1
GM60A230X;1
GM60A115X;1
GM60A065X;1
GM60A045X;1
GM60A035X;1
GM5ZA085X;1
GM55A030X;1
GM51Z045X;1
GM50Z300B;1
GM50Z200X;1
GM50Z150X;1
GM50SZZZX;1
GM50S150X;1
GM50S120X;1
GM50S080X;1
GM50S050X;1
GM50I150X;1
GM50I100X;1
GM50C220X;1
GM50C090X;1
GM50AZZZX;1
GM50A900X;1
GM50A50X;1
GM50A450X;1
GM50A400X;1
GM50A250X;1
GM50A145X;1
GM50A130X;1
GM50A120X;1
GM50A085X;1
GM50A080X;1
GM50A075X;1
GM41Z300X;1
GM25E075X;1
GM20Z240X;1
GM20D080X;1
GM20A330X;1
GM20A250X;1
GM20A150X;1
GM10Z200X;1
GM10E800X;1
GM10A600X;1
GM10A400X;1
GM10A220X;1
GM10A075X;1
GM-SP08;1
GM-SP07;1
GM-SP06;1
GM-SP05;1
GM-DE20-210096-3;1
GM-DE20-210096-2;1
GM-DE20-200024-2;1
GM-DE18-800223;1
GM-DE18-800054;1
GM-DE17-700720-2;1
GM-DE17-700582;1
GM-DE15-50067;1
GM-252604E0128;1
GEXI24_E;1
GEXI23_E;1
GEXI07_E_S;1
GCZ0Z175X;1
GCZ0Z150XZBB1;1
GCZ0Z120X;1
GCZ0Z110X;1
GCZ04150X;1
GCU10150X;1
GCU10080X;1
GCU02115X;1
GCU00100X;1
GCTZZ065X;1
GCTZZ060A;1
GCTZZ040A;1
GCT0Z300X;1
GCT0Z220X;1
GCT00070X;1
GCS0Z065X;1
GCB4Z200XB5B1;1
GCB0Z500ZA5BZ;1
GCB0Z500ZA5B1;1
GCB0Z450X2GB1;1
GCB0Z400FB6A1;1
GCB0Z250ZD5B1;1
GCB0Z205X8DBD;1
GCB07880XA5B1;1
GCB07665XA5B1;1
GCB07210XB5B1;1
GCB07210X2DB1;1
GCB00200X1GB1;1
GCB00100XA2A1;1
GC75Z100X;1
GC75Z050X;1
GC70Z200X;1
GC60Z250X;1
GC601100X;1
GC600600X;1
GC600300X;1
GC600150X;1
GC56Z050X;1
GC52500B;1
GC52100B;1
GC51Z100X;1
GC501150X;1
GC501100X;1
GC501080X;1
GC501050X;1
GC207075X;1
GC204300X;1
GC201375X;1
GC201100X;1
GC-DE20241484;1
GC-DE20231073-1;1
GC-DE17-700524-1;1
GC-DE16-600272-2;1
GC-DE16-600272-1;1
GC-DE15-500750;1
GC-2505262P;1
GC-20210602_TENORE;1
GC-2000085825;1
GC-2000077597;1
GC-2000077594;1
GC-2000074598;1
GC-2000074571;1
GB-DE20241741-4;1
GB-DE20210077-2;1
GB-DE20210077-1;1
GB-DE20-SPE1;1
FXE-B-401A1;1
EXT-DE18-800726;1
EMT300;1
EI-DE20;1
EI-DE19-900720-4;1
EI-DE19-900720-3;1
ECMAPT2000_D_S;1
DZU1401;1
DT0-SP28;1
DT0-SP27;1
DMB96500B;1
DMB96100B;1
DIC4P400;1
DG-DE19-900638;1
DG-DE19-900596;1
DG-DE19-900394-3;1
DG-DE19-900394-2;1
DG-DE19-900394-1;1
DES_2022-05-37208-01;1
DEE8987-2;1
DE20-210129;1
DE19-COLLIER;1
DE19-900734-2;1
DE19-900461-7;1
DE19-900461-6;1
DE19-900461-4;1
DE19-900461-2;1
DE19-900411-2;1
DE19-900317-3;1
DE19-900278-2;1
DE19-900221-2;1
DE19-900221;1
DE19-900201-7;1
DE19-900201-6;1
DE19-900201-5;1
DE19-900201-4;1
DE19-900201-3;1
DE19-900201-2;1
DE19-900201-1;1
DE19-800654-5;1
DE18-800347-8;1
DE18-800347-7;1
DE18-800347-6;1
DE18-800281;1
DE17-700564;1
DDGSPE101120;1
DDG-DE20-SPE;1
CRN300DT2;1
CRN300002;1
CPXPSION;1
CPXBM;1
CPX1020AD1;1
CPX1002SD1;1
CONV_MST;1
COFFRET-DV18000093;1
COFFRET-DEE7977;1
COFFRET-DEE6890;1
COFFRET-DEE6126-REV1;1
COFFRET-DEE2754-REV5;1
COFFRET-DE17-700217;1
COFFRET-DE16-600149;1
COFFRET-BASP4;1
COFFRET-01-102015;1
CFIM830;1
CFI38N80;1
CFI38G100;1
CFI18N60;1
CFI18M60;1
CFI14N80;1
CFI14N40;1
CFI14G80-PTFE;1
CFI14G40;1
CFI12N90;1
CFI12N60-O;1
CFI12N30;1
CFI12N13;1
CFI12M6;1
CFI12G14;1
CFI10NZZ;1
CFI10G80;1
CCF-E2235-1-REV2;1
CASI2351E003;1
BZG901DAC;1
BZG796D-;1
BZG796-;1
BZG787DPLUS;1
BZG778AC;1
BZG764DPLUS;1
BZG728PPLUS;1
BZG2802;1
BZG2729PPLUS;1
BZG2728PPLUS;1
BZE732AC;1
BZC96_50_23_A;1
BZC24_50_1_A2;1
BZC24_100_1_230;1
BZC24_100_1_178;1
BXNT1B00-04-03;1
BXNT1B00-00-00;1
BXNT1003-13-03;1
BXNT1003-11-08;1
BXNT1003-04-09;1
BXNT1003-00-14;1
BXNR44003-00;1
BXNR20B00-00;1
BXNR20003-00;1
BXNR19000-00;1
BXNR16000-00;1
BXNR14003-00;1
BXNR12003-00;1
BXNR10B00-00;1
BXNR10000-00;1
BXNR07003-09;1
BXNR07003-00;1
BXNR04000-00;1
BXNR02003-09;1
BXNR01000-00;1
BXNP15B00-B0;1
BXNP15003-B0;1
BXNP01000-00;1
BXNI2A4B0;1
BXNI2A3B0;1
BXNI2A100;1
BXNI1T00;1
BXNE734B02;1
BXNE711B02;1
BXNE70D002;1
BXNE701002;1
BXNE692B02;1
BXNE660002;1
BXNE65DB02;1
BXNE65D002;1
BXNE650M0E;1
BXNE640002;1
BXNE62200E;1
BXNE610B02;1
BXNE610002;1
BXNE504002;1
BXNE501002;1
BXNE492002;1
BXNE490002;1
BXNE372BEE;1
BXNE3710EE;1
BXNE371002;1
BXNE370BEE;1
BXNE370B0E;1
BXNE3700EE;1
BXNE36000E;1
BXNE3410E2;1
BXNE340B0E;1
BXNE3120E2;1
BXNE310B0E;1
BXNE310B02;1
BXNE1120E2;1
BXNE102002;1
BXNE092002;1
BXNE0900EE;1
BXNE081BE2;1
BXNE080B02;1
BXNE0800E2;1
BXNE080002;1
BXNE07D0E2;1
BXNE07000E;1
BXNE070002;1
BXNE0600E2;1
BXNE05C002;1
BXNE052B0E;1
BXNE0510EE;1
BXNE05100E;1
BXNE050BE2;1
BXNE041002;1
BXNE02C0E2;1
BXNE021BE2;1
BXNE01D002;1
BXNE012B02;1
BXNE012002;1
BXNE01100E;1
BXNE010BE2;1
BXNC25B00-00;1
BXNC24003-00;1
BXNC19B00-00;1
BXNAI2B10;1
BXNAI2B03;1
BXNA2000-00-00;1
BXNA1B00-04-00;1
BXLTI2B0E;1
BVNT0S42;1
BVNT0B0E;1
BVNS0003-22-00;1
BVNS0003-00-14;1
BVNS0000-00-03;1
BVNRV7S10-00;1
BVNR20000-00;1
BVNR10000-00;1
BVNR04000-00;1
BVNR01003-09;1
BVNP01000-00;1
BVNI100B1;1
BVNI10000;1
BVMT0B02;1
BVLTI000E;1
BVLT0B02;1
BUZH-M24;1
BT420;1
BRCPINOX6;1
BR391;1
BR385;1
BPX1B02-11-2D;1
BPX1B02-10-2G;1
BPX100E-11-2G;1
BPX1002-11-1A;1
BPX1002-10-2G;1
BPX1002-10-0E;1
BPX1002-10-0B;1
BPX0B0E-11-1A;1
BPX0B0E-10-1A;1
BPX000E-10-0C;1
BPX0002-11-10;1
BPX0002-10-2G;1
BPX0002-10-0F;1
BPX0000-00-02;1
BER77B03-00;1
BER20003-00;1
BER16B03-00;1
BEP13003-B0;1
BEI2A400;1
BEE091002;1
BEE052B02;1
BEE011002;1
BED211CM2;1
BEA1003-00-00;1
BCHINOX-1_2-NPT;1
BASI2361001;1
BA678C;1
BA658C;1
BA627E;1
BA590G;1
BA527E;1
BA526C;1
BA524G-SS-PM;1
BA507E-ALM;1
BA504G;1
BA504E;1
BA474D-ALM-EKP;1
BA474D;1
BA458C;1
BA454D-DUST;1
BA393G;1
BA378E-ALM;1
BA374E;1
BA358E;1
BA354E-SPE;1
BA334G-BL;1
BA328E;1
BA327E-SS;1
BA327E;1
BA327C;1
BA324SG-BL;1
BA324G-BL-SST;1
BA324G;1
BA314G-C;1
BA307SE;1
BA304G;1
BA304E-BL;1
BA201;1
ASSBB-0-200BAR;1
ANNU25ST31A4F;1
ANNU25SD6A1B223F-001;1
AFDET003;1
AD50X;1
ACCDIVSSC013;1
ACCDIVSSC012;1
ACCDIVSSC004;1
ACCDIVS020;1
ACCDIVS019;1
ACCDIVS018;1
ACCDIVS017;1
ACCDIVS013;1
ACCDIVS012;1
ACCDIVS007;1
ACCDIVOL2;1
ACCDIVKIT-22;1
ACCDIVKIT-10;1
ACCDIVGT45;1
ACCDIVBZG050;1
ACCDIVBX1750200B;1
ACCDIVBX1450500C;1
ACCDIVBA-EKP;1
ACCDIV110;1
ACCDIV-DE20-BA;1
ACCDIV-DE20-210138;1
ACCDIV-DE18-800149;1
ACCDIV-DE17-700718-2;1
ACCDIV-DE17-700686-2;1
ACCDIV-DE17-700686-1;1
ACCDIV-BR323;1
91LFTTT04AB50100;1
90BI03ABBDN50_01;1
850LFTS03ALB00256002;1
850FCTTT03ALB5CF1;1
84EIBC03ABB60AD2BC;1
84EIBC03ABB60AD1BC;1
84BI03ABBDN50_01;1
81EISFK11RI45630F;1
81EISF03ALB40630F;1
81EISF03ALB40310F;1
81EISF03AHB45410F;1
81EISF03AHB45370F;1
81EISF03AHB40410F;1
81EISF03ABB60850F;1
81EISF03ABB60800F;1
81EISF03ABB60700F;1
81EISF03ABB60600F;1
81EISF03ABB60500F;1
81EISF03ABB60360F;1
81EISF03ABB60300F;1
81EISF03ABB60250F;1
81EISF03ABB601800;1
81EISF03ABB60150F;1
81EIBC03ALB40820B;1
81EIBC03ALB40510B;1
81EIBC03ALB40260B;1
81EIBC03ALB40240B;1
81EIBC03ALB40230B;1
81EIBC03ALB40150B;1
81EIBC03ALB30650B;1
81EIBC03ABB60305B;1
58OFPTP03ALB0000600;1
58LFAISST03AB00005S;1
50VFTTT03ALB10356004;1
50VFTS05ALBZ0106003;1
50LFTTT06ALB03501224;1
50LFTTT03ALB06010002;1
50LFTTT03ALB01506005;1
50LFTTT03ALB00503503;1
50LFTT03ALB011004005;1
50LFTS03ALB00256002;1
50LFPPCTN10K20VB-01;1
50LFPP03ALB034060020;1
50LF-DE20242035;1
